{
  "Name": "Aloe",
  "Description": "It can be used to treat sunburns.",
  "Category": "Vegetable",
  "Edibility": 20,
  "Price": 140,
  "IsColored": false,
  "Recipe": null,
  "GiftTastes":
{
"Like": ["Clint", "Demetrius", "Harvey", "Jodi", "Leah", "Linus", "Maru", "Robin"],
"Neutral": ["Alex", "Caroline", "Dwarf", "Elliott", "Emily", "Evelyn", "Gus", "Haley", "Kent", "Lewis", "Marnie", "Pam", "Pierre", "Penny", "Sandy", "Shane", "Willy", "Wizard"],
"Dislike": ["Abigail", "George", "Krobus", "Sam", "Sebastian"],
"Hate": ["Jas", "Vincent"]
},

}