{
  "Name": "Bacon n Eggs",
  "Description": "Nothing like bacon and eggs on a cold morning.",
  "Category": "Cooking",
  "Edibility": 67,
  "EdibleIsDrink": false,
  "EdibleBuffs": null,
  "Price": 245,
  "IsColored": false,
  "GiftTastes": {
	"Love": ["Alex"],
	"Like": ["Abigial", "Caroline", "Clint", "Demetrius", "Dwarf", "Elliott", "Evelyn", "George", "Gus", "Jodi", "Kent", "Krobus", "Lewis", "Linus", "Maru", "Pam", "Penny", "Pierre", "Robin", "Sam", "Sandy", "Shane", "Vincent", "Willy", "Wizard"],
	"Neutral": ["Harvey", "Leah"],
	"Dislike": ["Emily", "Haley", "Jas", "Marnie"],
	"Hate": ["Sebastian"],
  },
  "Recipe": {
    "ResultCount": 1,
    "Ingredients": [
      {
        "Object": "Bacon",
        "Count": 1,
      },
{
        "Object": -5,
        "Count": 2,
      }
    ],
    "CanPurchase": true,
    "PurchaseFrom": "Gus",
    "PurchasePrice": 800,
    "PurchaseRequirements": [
      "z winter"]
  }
}