{
  "Name": "Grilled Cheese",
  "Description": "The classic sandwich.",
  "Category": "Cooking",
  "Edibility": 106,
  "EdibleIsDrink": false,
  "EdibleBuffs": null,
  "Price": 535,
  "IsColored": false,
  "GiftTastes": {
    "Like": ["Abigail", "Alex", "Caroline", "Clint", "Demetrius", "Dwarf", "Elliott", "Emily", "Evelyn", "George", "Gus", "Haley", "Harvey", "Jas", "Jodi", "Kent", "Leah", "Lewis", "Linus", "Marnie", "Maru", "Pam", "Penny", "Pierre", "Robin", "Sam", "Sandy", "Shane", "Vincent", "Wizard"],
	"Dislike": ["Krobus", "Willy"],
	"Hate": ["Sebastian"],
	},
  "Recipe": {
    "ResultCount": 1,
    "Ingredients": [
      {
        "Object": 424,
        "Count": 1,
      },
      {
        "Object": 216,
        "Count": 1,
      },
 {
        "Object": "Butter",
        "Count": 1,
      }
    ],
    "CanPurchase": true,
    "PurchaseFrom": "Gus",
    "PurchasePrice": 2535,
    "PurchaseRequirements": null,
  }
}