{
  "Name": "Avocado Mayonnaise",
  "Description": "It's an avocado, thanks!",
  "Category": "ArtisanGoods",
  "Edibility": -300,
  "Price": 340,
  "IsColored": false,
  "Recipe": null,
  "GiftTastes": {
    "Love": ["Abigail", "Alex", "Emily", "Leah", "Sam"],
    "Like": ["Caroline", "Clint", "Demetrius", "Dwarf", "Elliott", "Evelyn", "George", "Gus", "Haley", "Harvey", "Jas", "Jodi", "Kent", "Krobus", "Lewis", "Linus", "Marnie", "Maru", "Pam", "Penny", "Pierre","Robin", "Sandy", "Sebastian", "Shane", "Vincent", "Willy", "Wizard"],
  },
}