{
  "Name": "Grilled Skewer",
  "Description": "A skewer of grilled vegetables and meat.",
  "Category": "Cooking",
  "Edibility": 73,
  "EdibleIsDrink": false,
  "EdibleBuffs": null,
  "Price": 150,
  "IsColored": false,
  "GiftTastes": {
    "Like": ["Alex", "Caroline", "Clint", "Demetrius", "Dwarf", "Elliott", "Evelyn", "George", "Gus", "Harvey", "Jodi", "Kent", "Krobus", "Lewis", "Linus", "Maru", "Pam", "Penny", "Pierre", "Robin", "Sandy", "Shane", "Willy", "Wizard"],
	"Dislike": ["Abigail", "Emily", "Haley", "Jas", "Leah", "Marnie", "Sam", "Vincent" ],
	"Hate": ["Sebastian"],
  },
  "Recipe": {
    "ResultCount": 1,
    "Ingredients": [
      {
        "Object": "Beef",
        "Count": 1,
      },
      {
        "Object": "Bell Pepper",
        "Count": 1,
      },
  {
        "Object": "Onion",
        "Count": 1,
      },
  {
        "Object": 404,
        "Count": 1,
      }
    ],
    "CanPurchase": true,
    "PurchaseFrom": "Gus",
    "PurchasePrice": 550,
    "PurchaseRequirements": ["y 2",
"f Gus 750",
],
  }
}