{
    "Name": "Elderberry",
    "Product": "Elderberry",
    "SeedName": "Elderberry Seeds",
     "SeedDescription": "Plant these in winter. Takes 10 days to mature, and keeps producing after the first harvest.",
    "Type": "Fruit",

    "Seasons": ["winter"],
    "Phases": [ 1, 2, 3, 2, 2, ],
    "RegrowthPhase": 4,
    "HarvestWithScythe": false,
    "TrellisCrop": false,
    "Colors": null,
    "Bonus": {
        "MinimumPerHarvest": 3,
        "MaximumPerHarvest": 5,
        "MaxIncreasePerFarmLevel": 5,
        "ExtraChance": 0.2,
    },

    "SeedPurchasePrice": 70,
"SeedPurchaseRequirements": [
"y 2",
],

}
