{
  "Name": "Gold Thread",
  "Description": "A spool of golden thread. It sparkles in the light.",
  "Category": "ArtisanGoods",
  "Edibility": -300,
  "Price": 350,
  "IsColored": false,
  "Recipe": null,
"GiftTastes":
    {
        "Love": ["Emily", "Evelyn", "Clint", "Maru", "Krobus", "Willy"],
        "Neutral": ["Marnie", "Gus", "George", "Sebastian", "Abigial", "Alex", "Caroline", "Demetrius", "Dwarf", "Elliott", "Haley", "Harvey", "Jodi", "Kent", "Leah", "Lewis", "Linus", "Pierre", "Robin", "Sandy", "Wizard", "Pam", "Shane", "Penny", "Vincent", "Jas", "Leah"],
		"Dislike": ["Sam"]
    }
}