{
  "Name": "Chili Powder",
  "Description": "Adds that extra kick to your chili.",
  "Category": "ArtisanGoods",
  "Edibility": -300,
  "Price": 80,
  "IsColored": false,
  "Recipe": null,
  "CanPurchase": true,
    "PurchaseFrom": "Pierre",
    "PurchasePrice": 230,
    "PurchaseRequirements": null,
  "GiftTastes": {
	"Dislike": ["Abigail", "Alex", "Caroline", "Clint", "Demetrius", "Dwarf", "Elliott", "Emily", "Evelyn", "George", "Gus", "Haley", "Harvey", "Jas", "Jodi", "Kent", "Krobus", "Leah", "Lewis", "Linus", "Marnie", "Maru", "Pam", "Penny", "Pierre", "Robin", "Sam", "Sandy", "Sebastian", "Shane", "Vincent", "Willy", "Wizard"],
  }
}