{
  "name": "Artisan Valley Machine Machines",
  "author": "PopulateProjectJsonAssets",
  "version": "1.5.1",
  "machines": [
    {
      "id": 0,
      "name": "Still",
      "description": "A distillation system used to make liquor.",
      "category": "Crafting",
      "texture": "Still.png",
      "crafting": "335 5 334 10",
      "pulsate": true,
      "tileindex": 0,
      "production": [
        {
          "item": "Amaretto",
          "time": 2360,
          "materials": [
            {
              "name": "Almond",
              "stack": 2
            }
          ]
        },
        {
          "item": "Bitter",
          "time": 2360,
          "prefix": true,
          "colored": true,
          "texture": "produce.png",
          "tileindex": 13,
          "price": "input * 2",
          "materials": [
            {
              "index": -80
            }
          ]
        },
        {
          "item": "Bourbon",
          "time": 2360,
          "materials": [
            {
              "name": "Corn Malt"
            }
          ]
        },
        {
          "item": "Brandy",
          "time": 6000,
          "materials": [
            {
              "index": 348
            }
          ]
        },
        {
          "item": "Gin",
          "time": 2360,
          "materials": [
            {
              "name": "Juniper Berry"
            }
          ]
        },
        {
          "item": "Moonshine",
          "time": 1600,
          "materials": [
            {
              "index": 270
            }
          ]
        },
        {
          "item": "Rum",
          "time": 2360,
          "materials": [
            {
              "name": "Sugar Cane"
            }
          ]
        },
        {
          "item": "Scotch",
          "time": 6000,
          "materials": [
            {
              "name": "Barley Malt"
            }
          ]
        },
        {
          "item": "Shochu",
          "time": 6000,
          "materials": [
            {
              "name": "Sweet Potato"
            }
          ]
        },
        {
          "item": "Vermouth",
          "time": 6000,
          "materials": [
            {
              "index": 398
            }
          ]
        },
        {
          "item": "Vodka",
          "time": 6000,
          "materials": [
            {
              "index": 192
            }
          ]
        },
        {
          "item": "Whiskey",
          "time": 6000,
          "materials": [
            {
              "name": "Wheat Malt"
            }
          ]
        }
      ]
    },
    {
      "id": 1,
      "name": "Hardwood Keg",
      "description": "A versatile keg made of hardwood. Can be used to make malted beverages and fermented milk products.",
      "category": "Crafting",
      "texture": "hardwoodkeg.png",
      "crafting": "335 1 334 1 725 1 709 20",
      "pulsate": true,
      "tileindex": 0,
      "production": [
        {
          "item": "Apple Cider",
          "time": 2360,
          "materials": [
            {
              "index": 613
            }
          ]
        },
        {
          "item": "Cauim",
          "time": 2360,
          "materials": [
            {
              "name": "Cassava"
            }
          ]
        },
        {
          "item": "Dark Ale",
          "time": 6000,
          "materials": [
            {
              "index": 262
            }
          ]
        },
        {
          "item": "Ginger Ale",
          "time": 2360,
          "materials": [
            {
              "name": "Ginger"
            }
          ]
        },
        {
          "item": "Hard Apple Cider",
          "time": 2360,
          "materials": [
            {
              "name": "Apple Cider"
            }
          ]
        },
        {
          "item": "Kefir",
          "time": 2360,
          "include": [
            438
          ],
          "materials": [
            {
              "index": 436
            }
          ]
        },
        {
          "item": "Kumis",
          "time": 2360,
          "include": [
            186
          ],
          "materials": [
            {
              "index": 184
            }
          ]
        },
        {
          "item": "Lassi",
          "time": 2360,
          "materials": [
            {
              "name": "Yogurt"
            }
          ]
        },
        {
          "item": "Perry",
          "time": 6000,
          "materials": [
            {
              "name": "Pear"
            }
          ]
        },
        {
          "item": "Porter",
          "time": 2360,
          "materials": [
            {
              "name": "Wheat Malt"
            }
          ]
        },
        {
          "item": "Pulque",
          "time": 2360,
          "materials": [
            {
              "name": "Maguey"
            }
          ]
        },
        {
          "item": "Sake",
          "time": 6000,
          "materials": [
            {
              "index": 423
            }
          ]
        },
        {
          "item": "Sparkling Wine",
          "time": 6000,
          "materials": [
            {
              "index": 398
            }
          ]
        },
        {
          "item": "Stout",
          "time": 6000,
          "materials": [
            {
              "name": "Barley Malt"
            }
          ]
        },
        {
          "item": "Umeshu",
          "time": 6000,
          "materials": [
            {
              "index": 406
            }
          ]
        }
      ]
    },
    {
      "id": 2,
      "name": "Glass Jar",
      "description": "A jar to ferment non-alcoholic beverages. Turns mushrooms and various teas into kombucha. ",
      "category": "Crafting",
      "texture": "glassjar.png",
      "crafting": "388 20 766 100",
      "pulsate": true,
      "tileindex": 0,
      "production": [
        {
          "item": "Barley Kombucha",
          "time": 1600,
          "materials": [
            {
              "name": "Barley Tea"
            }
          ]
        },
        {
          "item": "Berry Fusion Kombucha",
          "time": 1600,
          "materials": [
            {
              "name": "Berry Fusion Tea"
            }
          ]
        },
        {
          "item": "Black Kombucha",
          "time": 1600,
          "materials": [
            {
              "name": "Black Tea"
            }
          ]
        },
        {
          "item": "Blue Mist Kombucha",
          "time": 1600,
          "materials": [
            {
              "name": "Blue Mist Tea"
            }
          ]
        },
        {
          "item": "Breakfast Kombucha",
          "time": 1600,
          "materials": [
            {
              "name": "Breakfast Tea"
            }
          ]
        },
        {
          "item": "Cranberry Pomegranate Kombucha",
          "time": 1600,
          "materials": [
            {
              "name": "Cranberry Pomegranate Tea"
            }
          ]
        },
        {
          "item": "Chai Kombucha",
          "time": 1600,
          "materials": [
            {
              "name": "Chai Tea"
            }
          ]
        },
        {
          "item": "Chamomile Kombucha",
          "time": 1600,
          "materials": [
            {
              "name": "Chamomile Tea"
            }
          ]
        },
        {
          "item": "Chanterelle Kombucha",
          "time": 1600,
          "materials": [
            {
              "index": 281
            }
          ]
        },
        {
          "item": "Earl Grey Kombucha",
          "time": 1600,
          "materials": [
            {
              "name": "Earl Grey Tea"
            }
          ]
        },
        {
          "item": "Dandelion Kombucha",
          "time": 1600,
          "materials": [
            {
              "name": "Dandelion Tea"
            }
          ]
        },
        {
          "item": "Green Kombucha",
          "time": 1600,
          "materials": [
            {
              "name": "Green Tea"
            }
          ]
        },
        {
          "item": "Jasmine Kombucha",
          "time": 1600,
          "materials": [
            {
              "name": "Jasmine Tea"
            }
          ]
        },
        {
          "item": "Kombucha",
          "time": 600,
          "materials": [
            {
              "index": 404
            }
          ]
        },
        {
          "item": "Lemon Kombucha",
          "time": 1600,
          "materials": [
            {
              "name": "Lemon Tea"
            }
          ]
        },
        {
          "item": "Mint Kombucha",
          "time": 1600,
          "materials": [
            {
              "name": "Mint Tea"
            }
          ]
        },
        {
          "item": "Morel Kombucha",
          "time": 1600,
          "materials": [
            {
              "index": 257
            }
          ]
        },
        {
          "item": "Oolong Kombucha",
          "time": 1600,
          "materials": [
            {
              "name": "Oolong Tea"
            }
          ]
        },
        {
          "item": "Purple Kombucha",
          "time": 1600,
          "materials": [
            {
              "index": 422
            }
          ]
        },
        {
          "item": "Red Kombucha",
          "time": 600,
          "materials": [
            {
              "index": 420
            }
          ]
        },
        {
          "item": "Rose Kombucha",
          "time": 1600,
          "materials": [
            {
              "name": "Rose Tea"
            }
          ]
        },
        {
          "item": "Spice Kombucha",
          "time": 1600,
          "materials": [
            {
              "name": "Spice Tea"
            }
          ]
        },
        {
          "item": "Strawberry Grapefruit Kombucha",
          "time": 1600,
          "materials": [
            {
              "name": "Strawberry Grapefruit Tea"
            }
          ]
        },
        {
          "item": "White Kombucha",
          "time": 1600,
          "materials": [
            {
              "name": "White Tea"
            }
          ]
        }
      ]
    },
    {
      "id": 3,
      "name": "Foreign Cask",
      "description": "This cask is of a foreign make. It can ferment soybeans.",
      "category": "Crafting",
      "texture": "foreigncask.png",
      "crafting": "709 15 390 5 771 10 725 1",
      "pulsate": true,
      "tileindex": 0,
      "starter": {
        "name": "Soybean"
      },
      "production": [
        {
          "item": "Soy Sauce",
          "time": 2360,
          "materials": [
            {
              "name": "Soybean"
            }
          ]
        },
        {
          "item": "Kimchi",
          "time": 2360,
          "materials": [
            {
              "name": "Cabbage"
            }
          ]
        },
        {
          "item": "Natto",
          "time": 2360,
          "materials": [
            {
              "name": "Natto Starter"
            }
          ]
        },
        {
          "item": "Miso Paste",
          "time": 2360,
          "materials": [
            {
              "name": "Miso Starter"
            }
          ]
        }
      ]
    },
    {
      "id": 4,
      "name": "Butter Churn",
      "description": "Turns milk or nuts into butter.",
      "category": "Crafting",
      "texture": "butterchurn.png",
      "crafting": "388 40 726 1",
      "pulsate": true,
      "tileindex": 0,
      "production": [
        {
          "item": "Almond Butter",
          "time": 180,
          "materials": [
            {
              "name": "Almond"
            }
          ]
        },
        {
          "item": "Butter",
          "time": 180,
          "include": [
            186
          ],
          "materials": [
            {
              "index": 184
            }
          ]
        },
        {
          "item": "Cashew Butter",
          "time": 180,
          "materials": [
            {
              "name": "Cashew"
            }
          ]
        },
        {
          "item": "Coconut Butter",
          "time": 180,
          "materials": [
            {
              "index": 88
            }
          ]
        },
        {
          "item": "Cookie Butter",
          "time": 180,
          "materials": [
            {
              "index": 223
            }
          ]
        },
        {
          "item": "Goat Butter",
          "time": 180,
          "include": [
            438
          ],
          "materials": [
            {
              "index": 436
            }
          ]
        },
        {
          "item": "Hazelnut Butter",
          "time": 180,
          "materials": [
            {
              "index": 408
            }
          ]
        },
        {
          "item": "Margarine",
          "time": 180,
          "materials": [
            {
              "index": 247
            }
          ]
        },
        {
          "item": "Peanut Butter",
          "time": 180,
          "materials": [
            {
              "name": "Peanut"
            }
          ]
        },
        {
          "item": "Pecan Butter",
          "time": 180,
          "materials": [
            {
              "name": "Pecan"
            }
          ]
        },
        {
          "item": "Slime Butter",
          "time": 180,
          "materials": [
            {
              "index": 766
            }
          ]
        },
        {
          "item": "Soynut Butter",
          "time": 180,
          "materials": [
            {
              "name": "Soybean"
            }
          ]
        },
        {
          "item": "Sunflower Butter",
          "time": 180,
          "materials": [
            {
              "index": 421
            }
          ]
        },
        {
          "item": "Walnut Butter",
          "time": 180,
          "materials": [
            {
              "name": "Walnut"
            }
          ]
        }
      ]
    },
    {
      "id": 5,
      "name": "Dehydrator",
      "description": "Put fruit in here to dry them for later.",
      "category": "Crafting",
      "texture": "dehydrator.png",
      "crafting": "390 45 766 20",
      "pulsate": true,
      "tileindex": 0,
      "production": [
        {
          "name": "Dried",
          "item": "Dried Fruit",
          "suffix": true,
          "time": 2250,
          "texture": "produce.png",
          "tileindex": 2,
          "exclude": [
            398
          ],
          "price": "original + (input * 2)",
          "materials": [
            {
              "index": -79
            }
          ]
        },
        {
          "item": "Raisins",
          "time": 2250,
          "materials": [
            {
              "index": 398
            }
          ]
        }
      ]
    },
    {
      "id": 6,
      "name": "Drying Rack",
      "description": "Put flowers, herbs, or vegetables in here to dry them for later.",
      "category": "Crafting",
      "texture": "dryingrack.png",
      "crafting": "388 50 771 20",
      "pulsate": true,
      "tileindex": 0,
      "production": [
        {
          "item": "Barley Malt",
          "time": 1600,
          "materials": [
            {
              "name": "Barley"
            }
          ]
        },
        {
          "item": "Wheat Malt",
          "time": 1600,
          "materials": [
            {
              "index": 262
            }
          ]
        },
        {
          "item": "Matcha Powder",
          "time": 120,
          "materials": [
            {
              "name": "Tea Leaf"
            }
          ]
        },
        {
          "item": "Hay",
          "time": 720,
          "materials": [
            {
              "index": 771
            }
          ]
        },
        {
          "item": "Corn Malt",
          "time": 1600,
          "materials": [
            {
              "index": 270
            }
          ]
        },
        {
          "name": "Dried",
          "item": "Dried Flower",
          "time": 2250,
          "suffix": true,
          "texture": "produce.png",
          "tileindex": 1,
          "price": "original + (input * 1.75)",
          "materials": [
            {
              "index": -80
            }
          ]
        },
        {
          "name": "Dried",
          "item": "Dried Herb",
          "time": 2250,
          "suffix": true,
          "texture": "produce.png",
          "tileindex": 3,
          "price": "original + (input * 1.75)",
          "materials": [
            {
              "name": "Aloe"
            }
          ]
        },
        {
          "name": "Dried",
          "item": "Dried Herb",
          "time": 2250,
          "suffix": true,
          "texture": "produce.png",
          "tileindex": 3,
          "price": "original + (input * 1.75)",
          "materials": [
            {
              "name": "Basil"
            }
          ]
        },
        {
          "name": "Dried",
          "item": "Dried Herb",
          "time": 2250,
          "suffix": true,
          "texture": "produce.png",
          "tileindex": 3,
          "price": "original + (input * 1.75)",
          "materials": [
            {
              "name": "Chives"
            }
          ]
        },
        {
          "name": "Dried",
          "item": "Dried Herb",
          "time": 2250,
          "suffix": true,
          "texture": "produce.png",
          "tileindex": 3,
          "price": "original + (input * 1.75)",
          "materials": [
            {
              "name": "Fennel"
            }
          ]
        },
        {
          "name": "Dried",
          "item": "Dried Herb",
          "time": 2250,
          "suffix": true,
          "texture": "produce.png",
          "tileindex": 3,
          "price": "original + (input * 1.75)",
          "materials": [
            {
              "name": "Ginger"
            }
          ]
        },
        {
          "name": "Dried",
          "item": "Dried Herb",
          "time": 2250,
          "suffix": true,
          "texture": "produce.png",
          "tileindex": 3,
          "price": "original + (input * 1.75)",
          "materials": [
            {
              "name": "Mint"
            }
          ]
        },
        {
          "name": "Dried",
          "item": "Dried Herb",
          "time": 2250,
          "suffix": true,
          "texture": "produce.png",
          "tileindex": 3,
          "price": "original + (input * 1.75)",
          "materials": [
            {
              "name": "Oregano"
            }
          ]
        },
        {
          "name": "Dried",
          "item": "Dried Herb",
          "time": 2250,
          "suffix": true,
          "texture": "produce.png",
          "tileindex": 3,
          "price": "original + (input * 1.75)",
          "materials": [
            {
              "name": "Parsley"
            }
          ]
        },
        {
          "name": "Dried",
          "item": "Dried Herb",
          "time": 2250,
          "suffix": true,
          "texture": "produce.png",
          "tileindex": 3,
          "price": "original + (input * 1.75)",
          "materials": [
            {
              "name": "Rosemary"
            }
          ]
        },
        {
          "name": "Dried",
          "item": "Dried Herb",
          "time": 2250,
          "suffix": true,
          "texture": "produce.png",
          "tileindex": 3,
          "price": "original + (input * 1.75)",
          "materials": [
            {
              "name": "Sage"
            }
          ]
        },
        {
          "name": "Dried",
          "item": "Dried Herb",
          "time": 2250,
          "suffix": true,
          "texture": "produce.png",
          "tileindex": 3,
          "price": "original + (input * 1.75)",
          "materials": [
            {
              "name": "Thyme"
            }
          ]
        },
        {
          "name": "Dried",
          "item": "Dried Herb",
          "time": 2250,
          "suffix": true,
          "texture": "produce.png",
          "tileindex": 3,
          "price": "original + (input * 1.75)",
          "materials": [
            {
              "name": "Eucalyptus Leaves"
            }
          ]
        },
        {
          "name": "Dried",
          "item": "Dried Herb",
          "time": 2250,
          "suffix": true,
          "texture": "produce.png",
          "tileindex": 3,
          "price": "original + (input * 1.75)",
          "materials": [
            {
              "name": "Camphor Leaves"
            }
          ]
        },
        {
          "name": "Dried",
          "item": "Dried Herb",
          "time": 2250,
          "suffix": true,
          "texture": "produce.png",
          "tileindex": 3,
          "price": "original + (input * 1.75)",
          "materials": [
            {
              "name": "Melaleuca Leaves"
            }
          ]
        },
        {
          "name": "Dried",
          "item": "Dried Herb",
          "time": 2250,
          "suffix": true,
          "texture": "produce.png",
          "tileindex": 3,
          "price": "original + (input * 1.75)",
          "materials": [
            {
              "name": "Vanilla"
            }
          ]
        },
        {
          "name": "Dried",
          "item": "Dried Mushroom",
          "time": 2250,
          "suffix": true,
          "texture": "produce.png",
          "include": [
            422,
            420,
            257
          ],
          "tileindex": 4,
          "price": "original + (input * 1.75)",
          "materials": [
            {
              "index": 404
            }
          ]
        },
        {
          "name": "Dried",
          "item": "Dried Vegetable",
          "time": 2250,
          "suffix": true,
          "texture": "produce.png",
          "tileindex": 5,
          "price": "original + (input * 2)",
          "materials": [
            {
              "index": -75
            }
          ]
        }
      ]
    },
    {
      "id": 7,
      "name": "Enhanced Oil Maker",
      "description": "An versatile oil maker that makes specialized oils.",
      "category": "Crafting",
      "texture": "enhancedoilmaker.png",
      "crafting": "766 50 709 20 336 1",
      "pulsate": false,
      "readyindex": 7,
      "tileindex": 0,
      "frames": 6,
      "production": [
        {
          "item": "Coconut Oil",
          "time": 60,
          "materials": [
            {
              "index": 88
            }
          ]
        },
        {
          "item": "Cottonseed Oil",
          "time": 480,
          "materials": [
            {
              "name": "Cotton Boll"
            }
          ]
        },
        {
          "item": "Olive Oil",
          "time": 60,
          "materials": [
            {
              "name": "Olive"
            }
          ]
        },
        {
          "item": "Peanut Oil",
          "time": 480,
          "materials": [
            {
              "name": "Peanut"
            }
          ]
        },
        {
          "item": "Sesame Oil",
          "time": 480,
          "materials": [
            {
              "name": "Sesame Seeds"
            }
          ]
        }
      ]
    },
    {
      "id": 8,
      "name": "Extruder",
      "description": "Turns flour into noodles and honey into wax!",
      "category": "Crafting",
      "texture": "extruder.png",
      "crafting": "709 5 335 2 787 1",
      "pulsate": false,
      "readyindex": 7,
      "tileindex": 0,
      "frames": 6,
      "production": [
        {
          "item": "Beeswax",
          "time": 60,
          "materials": [
            {
              "index": 340
            }
          ]
        },
        {
          "item": "Rice Noodles",
          "time": 360,
          "materials": [
            {
              "name": "Rice Flour"
            }
          ]
        },
        {
          "item": "Wheat Noodles",
          "time": 360,
          "materials": [
            {
              "index": 246
            }
          ]
        },
        {
          "item": "Tapioca",
          "time": 1600,
          "materials": [
            {
              "name": "Cassava"
            }
          ]
        }
      ]
    },
    {
      "id": 9,
      "name": "Grinder",
      "description": "Use it to polish rice or grind produce into valuable goods and spices.",
      "category": "Crafting",
      "texture": "grinder.png",
      "crafting": "709 5 335 5 787 1 338 1",
      "pulsate": false,
      "readyindex": 7,
      "tileindex": 0,
      "frames": 6,
      "production": [
        {
          "item": "Saffron",
          "time": 240,
          "materials": [
            {
              "index": 418
            }
          ]
        },
        {
          "item": "Rice",
          "time": 180,
          "materials": [
            {
              "name": "Unpolished Rice"
            }
          ]
        },
        {
          "item": "Rice Flour",
          "time": 1600,
          "materials": [
            {
              "index": 423
            }
          ]
        },
        {
          "item": "Sugar",
          "time": 1600,
          "materials": [
            {
              "index": 284
            }
          ]
        },
        {
          "item": "Sugar",
          "time": 1600,
          "materials": [
            {
              "name": "Sugar Beet"
            }
          ]
        },
        {
          "item": "Sugar",
          "time": 1600,
          "materials": [
            {
              "name": "Sugar Cane"
            }
          ]
        },
        {
          "item": "Wasabi Paste",
          "time": 240,
          "materials": [
            {
              "name": "Wasabi Root"
            }
          ]
        },
        {
          "item": "Apple Rind",
          "time": 60,
          "materials": [
            {
              "index": 613
            }
          ]
        },
        {
          "item": "Wheat Flour",
          "time": 1600,
          "materials": [
            {
              "index": 262
            }
          ]
        },
        {
          "item": "Corn Flour",
          "time": 1600,
          "materials": [
            {
              "index": 270
            }
          ]
        },
        {
          "name": "Ground",
          "item": "Ground Herb",
          "time": 360,
          "suffix": true,
          "texture": "produce.png",
          "tileindex": 10,
          "price": "original + (input * 1.5)",
          "materials": [
            {
              "name": "Aloe"
            }
          ]
        },
        {
          "name": "Ground",
          "item": "Ground Herb",
          "time": 360,
          "suffix": true,
          "texture": "produce.png",
          "tileindex": 10,
          "price": "original + (input * 1.5)",
          "materials": [
            {
              "name": "Basil"
            }
          ]
        },
        {
          "name": "Ground",
          "item": "Ground Herb",
          "time": 360,
          "suffix": true,
          "texture": "produce.png",
          "tileindex": 10,
          "price": "original + (input * 1.5)",
          "materials": [
            {
              "name": "Chives"
            }
          ]
        },
        {
          "name": "Ground",
          "item": "Ground Herb",
          "time": 360,
          "suffix": true,
          "texture": "produce.png",
          "tileindex": 10,
          "price": "original + (input * 1.5)",
          "materials": [
            {
              "name": "Fennel"
            }
          ]
        },
        {
          "name": "Ground",
          "item": "Ground Herb",
          "time": 360,
          "suffix": true,
          "texture": "produce.png",
          "tileindex": 10,
          "price": "original + (input * 1.5)",
          "materials": [
            {
              "name": "Ginger"
            }
          ]
        },
        {
          "name": "Ground",
          "item": "Ground Herb",
          "time": 360,
          "suffix": true,
          "texture": "produce.png",
          "tileindex": 10,
          "price": "original + (input * 1.5)",
          "materials": [
            {
              "name": "Mint"
            }
          ]
        },
        {
          "name": "Ground",
          "item": "Ground Herb",
          "time": 360,
          "suffix": true,
          "texture": "produce.png",
          "tileindex": 10,
          "price": "original + (input * 1.5)",
          "materials": [
            {
              "name": "Oregano"
            }
          ]
        },
        {
          "name": "Ground",
          "item": "Ground Herb",
          "time": 360,
          "suffix": true,
          "texture": "produce.png",
          "tileindex": 10,
          "price": "original + (input * 1.5)",
          "materials": [
            {
              "name": "Parsley"
            }
          ]
        },
        {
          "name": "Ground",
          "item": "Ground Herb",
          "time": 360,
          "suffix": true,
          "texture": "produce.png",
          "tileindex": 10,
          "price": "original + (input * 1.5)",
          "materials": [
            {
              "name": "Rosemary"
            }
          ]
        },
        {
          "name": "Ground",
          "item": "Ground Herb",
          "time": 360,
          "suffix": true,
          "texture": "produce.png",
          "tileindex": 10,
          "price": "original + (input * 1.5)",
          "materials": [
            {
              "name": "Sage"
            }
          ]
        },
        {
          "name": "Ground",
          "item": "Ground Herb",
          "time": 360,
          "suffix": true,
          "texture": "produce.png",
          "tileindex": 10,
          "price": "original + (input * 1.5)",
          "materials": [
            {
              "name": "Thyme"
            }
          ]
        },
        {
          "name": "Ground",
          "item": "Ground Herb",
          "time": 360,
          "suffix": true,
          "texture": "produce.png",
          "tileindex": 10,
          "price": "original + (input * 1.5)",
          "materials": [
            {
              "name": "Melaleuca Leaves"
            }
          ]
        },
        {
          "name": "Ground",
          "item": "Ground Herb",
          "time": 360,
          "suffix": true,
          "texture": "produce.png",
          "tileindex": 10,
          "price": "original + (input * 1.5)",
          "materials": [
            {
              "name": "Eucalyptus Leaves"
            }
          ]
        },
        {
          "name": "Ground",
          "item": "Ground Herb",
          "time": 360,
          "suffix": true,
          "texture": "produce.png",
          "tileindex": 10,
          "price": "original + (input * 1.5)",
          "materials": [
            {
              "name": "Camphor Leaves"
            }
          ]
        },
        {
          "name": "Ground",
          "item": "Ground Vegetable",
          "time": 360,
          "suffix": true,
          "exclude": [
            270,
            284
          ],
          "texture": "produce.png",
          "tileindex": 11,
          "price": "original + (input * 1.5)",
          "materials": [
            {
              "index": -75
            }
          ]
        }
      ]
    },
    {
      "id": 10,
      "name": "Infuser",
      "description": "A chemical apparatus used to infuse flavors into vodka, making liqueurs and schnapps.",
      "category": "Crafting",
      "texture": "infuser.png",
      "crafting": "388 40 338 5 335 10",
      "pulsate": true,
      "readyindex": 1,
      "tileindex": 0,
      "frames": 1,
      "production": [
        {
          "item": "Schnapps",
          "texture": "produce.png",
          "tileindex": 8,
          "prefix": true,
          "exclude": [
            613,
            636
          ],
          "time": 1600,
          "price": "original + (input * 2)",
          "materials": [
            {
              "index": -79
            }
          ]
        },
        {
          "item": "Apple Schnapps",
          "time": 1600,
          "materials": [
            {
              "index": 613
            }
          ]
        },
        {
          "item": "Peach Schnapps",
          "time": 1600,
          "materials": [
            {
              "index": 636
            }
          ]
        },
        {
          "item": "Mint Schnapps",
          "time": 1600,
          "materials": [
            {
              "name": "Mint"
            }
          ]
        }
      ]
    },
    {
      "id": 11,
      "name": "Spinning Wheel",
      "description": "A small spinning wheel that turns fiber into twine or cotton into thread.",
      "category": "Crafting",
      "texture": "spinningwheel.png",
      "crafting": "388 30 771 20 726 1",
      "pulsate": false,
      "readyindex": 7,
      "tileindex": 0,
      "frames": 6,
      "production": [
        {
          "item": "Gold Thread",
          "time": 180,
          "materials": [
            {
              "index": 336
            }
          ]
        },
        {
          "item": "Thread",
          "time": 180,
          "materials": [
            {
              "name": "Cotton Boll"
            }
          ]
        },
        {
          "item": "Twine",
          "time": 180,
          "materials": [
            {
              "index": 771
            }
          ]
        },
        {
          "item": "Yarn",
          "time": 120,
          "materials": [
            {
              "index": 440
            }
          ]
        },
        {
          "index": 789,
          "time": 240,
          "materials": [
            {
              "name": "Thread",
              "stack": 5
            },
            {
              "index": 66
            }
          ]
        }
      ]
    },
    {
      "id": 12,
      "name": "Yogurt Jar",
      "description": "A jar to allow milk to ferment into yogurt.",
      "category": "Crafting",
      "texture": "yogurtjar.png",
      "crafting": "390 40 186 5 337 2",
      "pulsate": true,
      "readyindex": 1,
      "tileindex": 0,
      "frames": 1,
      "production": [
        {
          "item": "Goat Yogurt",
          "include": [
            438
          ],
          "time": 1600,
          "materials": [
            {
              "index": 436
            }
          ]
        },
        {
          "item": "Yogurt",
          "include": [
            186
          ],
          "time": 1600,
          "materials": [
            {
              "index": 184
            }
          ]
        },
        {
          "name": "Yogurt",
          "item": "Fruit Yogurt",
          "texture": "produce.png",
          "tileindex": 9,
          "prefix": true,
          "time": 1600,
          "price": "original + (input * 1.25)",
          "materials": [
            {
              "index": -79
            }
          ]
        }
      ]
    },
    {
      "id": 13,
      "name": "Wax Barrel",
      "description": "A barrel for dipping candles.",
      "category": "Crafting",
      "texture": "waxbarrel.png",
      "crafting": "340 5 388 50 335 1",
      "pulsate": true,
      "readyindex": 1,
      "tileindex": 0,
      "frames": 1,
      "starter": {
        "name": "Beeswax",
        "stack": 1
      },
      "production": [
        {
          "item": "Candle",
          "time": 360,
          "prefix": true,
          "texture": "produce.png",
          "tileindex": 0,
          "price": "original + (input * 2)",
          "materials": [
            {
              "index": -80
            }
          ]
        }
      ]
    },
    {
      "id": 14,
      "name": "Ice Cream Machine",
      "description": "A machine for making delicious ice cream at home.",
      "category": "Crafting",
      "texture": "icecreammachine.png",
      "crafting": "335 10 787 1 84 2",
      "pulsate": false,
      "readyindex": 7,
      "tileindex": 0,
      "frames": 6,
      "starter": {
        "index": -6
      },
      "production": [
        {
          "item": "Chocolate Ice Cream",
          "time": 120,
          "materials": [
            {
              "name": "Chocolate"
            }
          ]
        },
        {
          "item": "Matcha Ice Cream",
          "time": 120,
          "materials": [
            {
              "name": "Matcha Powder"
            }
          ]
        },
        {
          "item": "Mint Chip Ice Cream",
          "time": 120,
          "materials": [
            {
              "name": "Mint"
            }
          ]
        },
        {
          "item": "Neapolitan Ice Cream",
          "time": 120,
          "materials": [
            {
              "name": "Chocolate Ice Cream"
            }
          ]
        },
        {
          "item": "Neapolitan Ice Cream",
          "time": 120,
          "materials": [
            {
              "name": "Vanilla Ice Cream"
            }
          ]
        },
        {
          "item": "Neapolitan Ice Cream",
          "time": 120,
          "materials": [
            {
              "name": "Strawberry Ice Cream"
            }
          ]
        },
        {
          "item": "Orange Sherbet",
          "time": 120,
          "materials": [
            {
              "index": 635
            }
          ]
        },
        {
          "item": "Strawberry Ice Cream",
          "time": 120,
          "materials": [
            {
              "index": 400
            }
          ]
        },
        {
          "item": "Vanilla Ice Cream",
          "time": 120,
          "materials": [
            {
              "name": "Vanilla"
            }
          ]
        },
        {
          "item": "Prismatic Ice Cream",
          "time": 6000,
          "materials": [
            {
              "index": 74
            }
          ]
        }
      ]
    },
    {
      "id": 15,
      "name": "Alembic",
      "description": "Distills flowers, fruits, herbs, and vegetables into essential oils.",
      "category": "Crafting",
      "texture": "alembic.png",
      "crafting": "334 5 766 50 709 10",
      "pulsate": false,
      "readyindex": 7,
      "tileindex": 0,
      "frames": 6,
      /*"forsale": true,
      "shop": "Gus",
      "price": 3345,
      "condition": "y 2",*/
      "production": [
        {
          "item": "Essential Oil",
          "time": 720,
          "prefix": true,
          "include": [
            -79,
            -75
          ],
          "colored": false,
          "texture": "produce.png",
          "tileindex": 6,
          "price": "original + (input * 2)",
          "materials": [
            {
              "index": -80
            }
          ]
        }
      ]
    },
    {
      "id": 16,
      "name": "Vinegar Cask",
      "description": "A cask designed to turn grapes into vinegar.",
      "category": "Crafting",
      "texture": "vinegarcask.png",
      "crafting": "388 30 335 1 726 3",
      "pulsate": true,
      "production": [
        {
          "index": 419,
          "time": 2360,
          "materials": [
            {
              "index": 398
            }
          ]
        }
      ]
    },
    {
      "id": 17,
      "name": "Juicer",
      "description": "Turns fruit into freshly squeezed juice.",
      "category": "Crafting",
      "texture": "juicer.png",
      "crafting": "709 10 335 20 575 1",
      "pulsate": true,
      "production": [
        {
          "name": "Juice",
          "item": "Fruit Juice",
          "prefix": true,
          "time": 1440,
          "texture": "produce.png",
          "tileindex": 7,
          "price": "original + (input * 2)",
          "materials": [
            {
              "index": -79
            }
          ]
        }
      ]
    },
    {
      "id": 19,
      "name": "Soap Press",
      "description": "A press designed for molding soap.",
      "category": "Crafting",
      "texture": "soappress.png",
      "crafting": "335 5 334 1 766 5 572 1",
      "pulsate": false,
      "readyindex": 7,
      "tileindex": 0,
      "frames": 6,
      "starter": {
        "index": 247
      },
      "production": [
        {
          "item": "Handmade Soap",
          "time": 360,
          "prefix": true,
          "include": [
            408
          ],
          "texture": "produce.png",
          "tileindex": 12,
          "price": "original + (input * 2)",
          "materials": [
            {
              "index": -80
            }
          ]
        },
        {
          "item": "Handmade Soap",
          "time": 360,
          "prefix": true,
          "texture": "produce.png",
          "tileindex": 12,
          "price": "original + (input * 2)",
          "materials": [
            {
              "name": "Almond"
            }
          ]
        },
        {
          "item": "Handmade Soap",
          "time": 360,
          "prefix": true,
          "texture": "produce.png",
          "tileindex": 12,
          "price": "original + (input * 2)",
          "materials": [
            {
              "name": "Camphor Leaves"
            }
          ]
        },
        {
          "item": "Handmade Soap",
          "time": 360,
          "prefix": true,
          "texture": "produce.png",
          "tileindex": 12,
          "price": "original + (input * 2)",
          "materials": [
            {
              "name": "Cashew"
            }
          ]
        },
        {
          "item": "Handmade Soap",
          "time": 360,
          "prefix": true,
          "texture": "produce.png",
          "tileindex": 12,
          "price": "original + (input * 2)",
          "materials": [
            {
              "name": "Cinnamon Sticks"
            }
          ]
        },
        {
          "item": "Handmade Soap",
          "time": 360,
          "prefix": true,
          "texture": "produce.png",
          "tileindex": 12,
          "price": "original + (input * 2)",
          "materials": [
            {
              "name": "Cocoa Pod"
            }
          ]
        },
        {
          "item": "Handmade Soap",
          "time": 360,
          "prefix": true,
          "texture": "produce.png",
          "tileindex": 12,
          "price": "original + (input * 2)",
          "materials": [
            {
              "name": "Eucalyptus Leaves"
            }
          ]
        },
        {
          "item": "Handmade Soap",
          "time": 360,
          "prefix": true,
          "texture": "produce.png",
          "tileindex": 12,
          "price": "original + (input * 2)",
          "materials": [
            {
              "name": "Melaleuca Leaves"
            }
          ]
        },
        {
          "item": "Handmade Soap",
          "time": 360,
          "prefix": true,
          "texture": "produce.png",
          "tileindex": 12,
          "price": "original + (input * 2)",
          "materials": [
            {
              "name": "Pecan"
            }
          ]
        },
        {
          "item": "Handmade Soap",
          "time": 360,
          "prefix": true,
          "texture": "produce.png",
          "tileindex": 12,
          "price": "original + (input * 2)",
          "materials": [
            {
              "name": "Walnut"
            }
          ]
        }
      ]
    },
    {
      "id": 21,
      "name": "Mayonnaise Machine",
      "description": "A machine used for producing...exotic mayonnaise.",
      "category": "Crafting",
      "texture": "mayomachine.png",
      "crafting": "388 25 390 25 86 2 334 2",
      "pulsate": false,
      "readyindex": 7,
      "tileindex": 0,
      "frames": 6,
      "starter": {
        "index": -5
      },
      "production": [
        {
          "item": "Dinosaur Mayonnaise",
          "time": 360,
          "materials": [
            {
              "index": 107
            }
          ],
          "Enabled": false
        },
        {
          "item": "Thunder Mayonnaise",
          "time": 360,
          "materials": [
            {
              "index": 558
            }
          ]
        },
        {
          "item": "Lucky Purple Mayonnaise",
          "time": 360,
          "materials": [
            {
              "index": 789
            }
          ]
        },
        {
          "item": "Avocado Mayonnaise",
          "time": 360,
          "materials": [
            {
              "name": "Avocado"
            }
          ]
        },
        {
          "item": "Black Pepper Mayonnaise",
          "time": 360,
          "materials": [
            {
              "name": "Pepper"
            }
          ]
        },
        {
          "item": "Olive Oil Mayonnaise",
          "time": 360,
          "materials": [
            {
              "name": "Olive Oil"
            }
          ]
        },
        {
          "item": "Garlic Mayonnaise",
          "time": 360,
          "materials": [
            {
              "index": 248
            }
          ]
        },
        {
          "item": "Wasabi Mayonnaise",
          "time": 360,
          "materials": [
            {
              "name": "Wasabi Root"
            }
          ],
        },
      ],
    },
    {
      "id": 22,
      "name": "Smoker",
      "description": "A smoker used to smoke fish and cheese.",
      "category": "Crafting",
      "texture": "Smoker.png",
      "crafting": "335 10 382 20",
      "pulsate": true,
      "readyindex": 1,
      "tileindex": 0,
      "frames": 1,
      "starter": {
        "index": 388,
        "stack": 1
      },
      "production": [
        {
          "name": "Smoked",
          "index": -999,
          "quality": -1,
          "suffix": true,
          "time": 4320,
          "price": "input * 2",
          "materials": [
            {
              "index": -4,
            }
          ]
        },
        {
          "name": "Smoked",
          "index": -999,
          "quality": -1,
          "suffix": true,
          "time": 4320,
          "price": "input * 2",
          "materials": [
            {
              "index": 424,
            }
          ]
        },
        {
          "name": "Smoked",
          "index": -999,
          "quality": -1,
          "suffix": true,
          "time": 4320,
          "price": "input * 2",
          "materials": [
            {
              "index": 426,
            }
          ]
        },
      ]
    }
  ]
}