{
    "Name": "Pink_Cat",
    "Product": "Pink Cat",
    "SeedName": "Pink Cat Seeds",
    "SeedDescription": "Plant in spring. Takes 6 days to produce a minty pink flower.",
    "Type": "Flower",

    "Seasons": ["spring"],
    "Phases": [ 1, 2, 2, 1 ],
    "RegrowthPhase": -1,
    "HarvestWithScythe": false,
    "TrellisCrop": false,
    "Colors": null,
    "Bonus": {
        "MinimumPerHarvest": 1,
        "MaximumPerHarvest": 1,
        "MaxIncreasePerFarmLevel": 5,
        "ExtraChance": 0.0,
    },
"SeedPurchaseFrom": "Marnie",
    "SeedPurchasePrice": 20,
  
}
