{
  "Name": "Rose Kombucha",
  "Description": "Made with freshly picked rose petals.",
  "Category": "ArtisanGoods",
  "Edibility": 30,
  "EdibleIsDrink": true,
  "Price": 1240,
  "IsColored": false,
  "Recipe": null,
"GiftTastes":
{
"Love": ["Penny", "Krobus", "Wizard", "Linus", "Emily"],
"Like": ["Marnie", "Jodi", "Leah", "Sandy", "Sam", "Evelyn"],
"Neutral": ["Sebastian", "Abigail", "Caroline", "Maru", "Demetrius"],
"Dislike": ["Haley", "Pam", "Dwarf", "George", "Alex", "Harvey"],
"Hate": ["Vincent", "Jas", "Shane", "Willy", "Lewis", "Pierre", "Clint"]
}
}
