{
    "Name": "Herbal Lavender",
    "Product": "Herbal Lavender",
    "SeedName": "Herbal Lavender Seeds",
    "SeedDescription": "Plant in summer. Takes 6 days to produce a soft purple flower.",
    "Type": "Flower",

    "Seasons": ["summer"],
    "Phases": [ 1, 2, 1, 2 ],
    "RegrowthPhase": -1,
    "HarvestWithScythe": false,
    "TrellisCrop": false,
    "Colors": [
    "136, 116, 248, 1",
    "217, 140, 255, 1",
    "151, 88, 198, 1"
    ],
    "Bonus": {
        "MinimumPerHarvest": 1,
        "MaximumPerHarvest": 1,
        "MaxIncreasePerFarmLevel": 5,
        "ExtraChance": 0.0,
    },

    "SeedPurchasePrice": 20,

}
