{
  "Name": "Dried Fruit",
  "Description": "A box of dehydrated fruit.",
  "Category": "ArtisanGoods",
  "Edibility": 8,
  "Price": 200,
  "IsColored": false,
  "Recipe": null,
  "GiftTastes": {
	"Like": ["Alex", "Caroline", "Clint", "Demetrius", "Dwarf", "Elliott", "Emily", "Evelyn", "George", "Gus", "Harvey", "Jodi", "Kent", "Krobus", "Leah", "Lewis", "Linus", "Marnie", "Maru", "Pam", "Penny", "Pierre", "Robin", "Sam", "Sandy", "Sebastian", "Shane", "Willy", "Wizard"],
	"Dislike": ["Abigail", "Haley", "Jas", "Vincent"],
  }
}