{
  "Name": "Bulgogi",
  "Description": "Its a sweet and savory marinated beef stir-fry! It's tender and juicy, even though the meat is very thin.",
  "Category": "Cooking",
  "Edibility": 75,
  "EdibleIsDrink": false,
  "EdibleBuffs": null,
  "Price": 450,
  "IsColored": false,
  "GiftTastes": {
    "Like": ["Alex", "Caroline", "Clint", "Demetrius", "Dwarf", "Elliott", "Emily", "Evelyn", "George", "Gus", "Harvey", "Jodi", "Kent", "Leah", "Lewis", "Linus", "Maru", "Pam", "Penny", "Pierre", "Robin", "Sandy", "Shane", "Wizard"],
	"Neutral": ["Abigail", "Haley", "Jas", "Vincent", "Willy"],
	"Dislike": ["Krobus", "Marnie", "Sam"],
	"Hate": ["Sebastian"],
  },
  "Recipe": {
    "ResultCount": 1,
    "Ingredients": [
      {
        "Object": "Beef",
        "Count": 1,
      },
      {
        "Object": "Kiwi",
        "Count": 1,
      },
{
        "Object": "Asian Pear",
        "Count": 1,
      },
{
        "Object": "Chives",
        "Count": 1,
      },
{
        "Object": "Sesame Seeds",
        "Count": 1,
      }
    ],
    "CanPurchase": true,
    "PurchaseFrom": "Gus",
    "PurchasePrice": 800,
    "PurchaseRequirements": null,
  }
}