	{
  "Name": "Blueberry Macaron",
  "Description": "The quintessential macaron, flavored like blueberries.",
  "Category": "Cooking",
  "Edibility": 96,
  "EdibleIsDrink": false,
  "EdibleBuffs": null,
  "Price": 1350,
  "IsColored": false,
   "GiftTastes": {
    "Like": ["Abigail", "Alex", "Caroline", "Clint", "Demetrius", "Dwarf", "Elliott", "Emily", "Evelyn", "George", "Gus", "Haley", "Harvey", "Jas", "Jodi", "Kent", "Lewis", "Linus", "Marnie", "Maru",  "Pam", "Penny", "Pierre", "Robin", "Sam", "Sandy", "Sebastian", "Shane", "Vincent", "Wizard"],
	"Neutral": ["Leah"],
	"Dislike": ["Krobus", "Willy"],
	},
  "Recipe": {
    "ResultCount": 1,
    "Ingredients": [
      {
        "Object": "Almond",
        "Count": 2,
      },
      {
        "Object": -5,
        "Count": 3,
      },
      {
        "Object": 245,
        "Count": 1,
      },
 {
        "Object": 258,
        "Count": 2,
      }
    ],
    "CanPurchase": true,
    "PurchaseFrom": "Gus",
    "PurchasePrice": 3350,
    "PurchaseRequirements": ["z summer fall winter",
"y 2",
],
  }
}