{
  "Name": "Candied Apple",
  "Description": "An apple that has been saturated in sugar.",
  "Category": "Cooking",
  "Edibility": 34,
  "EdibleIsDrink": false,
  "EdibleBuffs": null,
  "Price": 300,
  "IsColored": false,
  "GiftTastes": {
    "Love": ["Jas", "Vincent"],
    "Like": ["Abigail", "Alex", "Caroline", "Clint", "Demetrius", "Dwarf", "Elliott", "Emily", "Evelyn", "Gus", "Haley", "Harvey", "Jodi", "Kent", "Lewis", "Linus", "Marnie", "Maru", "Pam", "Penny", "Pierre", "Robin", "Sam", "Sandy", "Shane", "Wizard"],
    "Neutral": ["George", "Krobus", "Leah", "Sebastian", "Willy"],
	},
  "Recipe": {
    "ResultCount": 1,
    "Ingredients": [
      {
        "Object": 245,
        "Count": 1,
      },
      {
        "Object": 613,
        "Count": 1,
      }
    ],
    "CanPurchase": true,
    "PurchaseFrom": "Gus",
    "PurchasePrice": 1300,
    "PurchaseRequirements": ["z spring summer winter",
],
  }
}