{
  "Name": "Jerky",
  "Description": "Strips of dried beef.",
  "Category": "ArtisanGoods",
  "Edibility": 40,
  "Price": 500,
  "IsColored": false,
  "GiftTastes": {
    "Like": ["Abigail", "Alex", "Caroline", "Clint", "Demetrius", "Dwarf", "Elliott", "Emily", "Evelyn", "George", "Gus", "Haley", "Harvey", "Jodi", "Kent", "Krobus", "Lewis", "Linus", "Maru", "Pam", "Penny", "Pierre", "Robin", "Sam", "Sandy", "Shane", "Willy", "Wizard"],
	"Dislike": ["Jas", "Leah", "Marnie", "Vincent"],
	"Hate": ["Sebastian"],
  },
  "Recipe": null,
}