{
  "Name": "Celery and Peanut Butter",
  "Description": "An easy snack that�s light but savory.",
  "Category": "Cooking",
  "Edibility": 26,
  "EdibleIsDrink": false,
  "EdibleBuffs": null,
  "Price": 380,
  "IsColored": false,
  "Recipe": {
    "ResultCount": 1,
    "Ingredients": [
      {
        "Object": "Celery",
        "Count": 1,
      },
      {
        "Object": "Peanut Butter",
        "Count": 1,
      }
    ],
    "CanPurchase": true,
    "PurchaseFrom": "Gus",
    "PurchasePrice": 1380,
    "PurchaseRequirements": ["y 2",
],
  },
  "GiftTastes": {
	"Like": ["Alex", "Caroline", "Clint", "Demetrius", "Dwarf", "Elliott", "Emily", "Evelyn", "George", "Gus", "Haley", "Harvey", "Jodi", "Kent", "Krobus", "Leah", "Lewis", "Linus", "Marnie", "Maru", "Penny", "Pierre", "Robin", "Sandy", "Sebastian", "Willy", "Wizard"],
	"Neutral": ["Shane", "Pam", ],
	"Dislike": ["Abigail", "Sam", "Jas", "Vincent"],
  }
}