{
  "Name": "Dashi Stock",
  "Description": "Stewed down dashi broth that's often used as a base for soup.",
  "Category": "Cooking",
  "Edibility": 32,
  "EdibleIsDrink": false,
  "GiftTastes": {
    "Dislike": ["Abigail", "Alex", "Caroline", "Clint", "Demetrius", "Dwarf", "Elliott", "Emily", "George", "Gus", "Haley", "Harvey", "Jas", "Jodi", "Kent", "Krobus", "Leah", "Lewis", "Linus", "Marnie", "Maru", "Pam", "Penny", "Pierre","Robin", "Sam", "Sandy",  "Shane", "Vincent", "Willy", "Wizard"],
	"Hate": ["Evelyn", "Sebastian"],
  },
  "EdibleBuffs": null,
  "Price": 620,
  "IsColored": false,
  "Recipe": {
    "ResultCount": 1,
    "Ingredients": [
      {
        "Object": 152,
        "Count": 1,
      },
  {
        "Object": "Bonito Flakes",
        "Count": 1,
      },
  {
        "Object": "Soy Sauce",
        "Count": 1,
      }
    ],
"Is Default": true,
  }
}