{
  "Name": "Strawberry Roll Cake",
  "Description": "Yummy strawberry goodness!",
  "Category": "Cooking",
  "Edibility": 54,
  "EdibleIsDrink": false,
  "EdibleBuffs": null,
  "Price": 420,
  "IsColored": false,
  "GiftTastes": {
    "Like": ["Alex", "Caroline", "Clint", "Demetrius", "Dwarf", "Elliott", "Emily", "Evelyn", "George", "Gus", "Harvey", "Jodi", "Kent", "Krobus", "Leah", "Lewis", "Linus", "Marnie", "Maru", "Pam", "Penny", "Pierre", "Robin", "Sam", "Sandy", "Shane", "Willy", "Wizard"],
	"Neutral": ["Abigail", "Haley", "Jas", "Sebastian", "Vincent"],
  },
  "Recipe": {
    "ResultCount": 1,
    "Ingredients": [
     
{
        "Object": 400,
        "Count": 3,
      },
      {
        "Object": 246,
        "Count": 1,
      },
      {
        "Object": 245,
        "Count": 1,
      },
      {
        "Object": -5,
        "Count": 1,
      }
    ],
    "CanPurchase": true,
    "PurchaseFrom": "Gus",
    "PurchasePrice": 2420,
    "PurchaseRequirements": null,
  }
}