{
  "Name": "Chamomile Kombucha",
  "Description": "A soft and slightly-sweet flavored kombucha.",
  "Category": "ArtisanGoods",
  "Edibility": 26,
  "EdibleIsDrink": true,
  "Price": 550,
  "IsColored": false,
  "Recipe": null,
  "GiftTastes": {
	"Love": ["Evelyn", "Harvey"],
	"Like": ["Abigail", "Alex", "Caroline", "Clint", "Demetrius", "Dwarf", "Elliott", "Emily", "George", "Gus", "Haley", "Jodi", "Kent", "Krobus", "Leah", "Lewis", "Linus", "Marnie", "Maru", "Pam", "Penny", "Pierre", "Robin", "Sam", "Sandy", "Sebastian", "Shane", "Wizard"],
	"Dislike": ["Jas", "Vincent", "Willy"],
  }
}
