{
  "Name": "Poutine",
  "Description": "Potato fries smothered in cheese curds and gravy.",
  "Category": "Cooking",
  "Edibility": 147,
  "EdibleIsDrink": false,
  "EdibleBuffs": null,
  "Price": 1155,
  "IsColored": false,
  "GiftTastes": {
    "Like": ["Abigail", "Alex", "Caroline", "Clint", "Demetrius", "Dwarf", "Elliott", "Evelyn", "George", "Gus", "Jodi", "Kent", "Krobus", "Lewis", "Linus", "Maru", "Pam", "Penny", "Pierre", "Robin", "Sam", "Sandy", "Shane", "Willy", "Wizard"],
	"Neutral": ["Emily", "Haley", "Harvey", "Leah", "Marnie"],
	"Dislike": ["Jas", "Vincent"],
	"Hate": ["Sebastian"],
  },
  "Recipe": {
    "ResultCount": 1,
    "Ingredients": [
      {
        "Object": "Brown Gravy",
        "Count": 1,
      },
      {
        "Object": 192,
        "Count": 2,
      },
{
        "Object": 424,
        "Count": 1,
      }
    ],
    "CanPurchase": true,
    "PurchaseFrom": "Gus",
    "PurchasePrice": 3155,
    "PurchaseRequirements": ["y 2",
],
  }
}