{
  "Name": "Bonito Flakes",
  "Description": "Thinly shaved flakes of dried tuna.",
  "Category": "Cooking",
  "Edibility": 22,
  "EdibleIsDrink": false,
  "EdibleBuffs": null,
  "Price": 250,
  "IsColored": false,
  "GiftTastes": {
    "Like": ["Linus", "Willy"],
    "Neutral": ["Demetrius", "Elliott", "Pam"],
	"Dislike": ["Abigial", "Alex", "Caroline",  "Dwarf", "Emily", "Gus", "Haley", "Harvey", "Jas", "Jodi", "Kent", "Krobus", "Leah", "Lewis", "Marnie", "Maru",  "Penny", "Pierre", "Robin", "Sam", "Sandy",  "Sebastian", "Shane", "Vincent", "Wizard"],
	"Hate": ["Evelyn"],
    },
  "Recipe": {
    "ResultCount": 1,
    "Ingredients": [
      {
        "Object": 130,
        "Count": 1,
      }
    ],
    "CanPurchase": true,
    "PurchaseFrom": "Gus",
    "PurchasePrice": 800,
    "PurchaseRequirements": ["z spring fall",
],
  }
}