{
  "Name": "Sugar Cane",
  "Description": "The cuttings and salks of a sugar cane. It it can be processed into sugar.",
  "Category": "Vegetable",
  "Edibility": -300,
  "Price": 230,
  "IsColored": false,
  "GiftTastes": {
    "Nautral": ["Abigail", "Alex", "Caroline", "Clint", "Demetrius", "Dwarf", "Elliott", "Emily", "Evelyn", "George", "Gus", "Haley", "Harvey",  "Jodi", "Kent", "Krobus", "Leah", "Lewis", "Linus", "Marnie", "Maru", "Pam", "Penny", "Pierre", "Robin", "Sam", "Sandy", "Sebastian", "Shane", "Willy", "Wizard"],
	"Dislike": ["Jas", "Vincent"],
  },
  "Recipe": null,
}