{
  "Name": "Caramel",
  "Description": "Buttery and sweet, it's commonly used in candies and treats.",
  "Category": "Cooking",
  "Edibility": 66,
  "EdibleIsDrink": false,
  "EdibleBuffs": null,
  "Price": 535,
  "IsColored": false,
  "GiftTastes": {
    "Like": ["Abigail", "Alex", "Caroline", "Clint", "Demetrius", "Dwarf", "Elliott", "Emily", "Evelyn", "Gus", "Haley", "Jas", "Jodi", "Kent", "Leah", "Lewis", "Linus", "Marnie", "Maru", "Pam", "Penny", "Pierre", "Robin", "Sam", "Sandy", "Shane", "Vincent", "Wizard"],
    "Neutral": ["George", "Harvey", "Sebastian"],
	"Dislike": ["Krobus", "Willy"],
	},
  "Recipe": {
    "ResultCount": 1,
    "Ingredients": [
      {
        "Object": 245,
        "Count": 1,
      },
      {
        "Object": -6,
        "Count": 1,
      }
    ],
    "IsDefault": true,
  }
}