{
  "Name": "Cream Cheese",
  "Description": "Creamed milk. A common topping and filling product.",
  "Category": "Cooking",
  "Edibility": 22,
  "EdibleIsDrink": false,
  "EdibleBuffs": null,
  "Price": 50,
  "IsColored": false,
  "GiftTastes": {
    "Like": ["Abigail", "Alex", "Caroline", "Clint", "Demetrius", "Dwarf", "Elliott", "Emily", "Evelyn", "George", "Gus", "Haley", "Jodi", "Kent", "Krobus", "Leah", "Lewis", "Linus", "Marnie", "Maru", "Pam", "Penny", "Pierre", "Robin", "Sam", "Sandy", "Shane", "Willy", "Wizard"],
	"Dislike": ["Harvey"],
	"Hate": ["Jas", "Sebastian", "Vincent"],
	},
  "Recipe": {
    "ResultCount": 1,
    "Ingredients": [
      {
        "Object": -6,
        "Count": 1,
      }
    ],
    "CanPurchase": true,
    "PurchaseFrom": "Gus",
    "PurchasePrice": 250,
    "PurchaseRequirements": null
  }
}