{
    "Name": "Gold_Leaf",
    "Product": 384,
    "SeedName": "Gold Seeds",
    "SeedDescription": "Plant these in fall. Takes 20 days to mature.",
    "Type": "Mineral",

    "Seasons": ["fall"],
    "Phases": [ 2, 4, 5, 4, 5],
    "RegrowthPhase": -1,
    "HarvestWithScythe": false,
    "TrellisCrop": false,
    "Colors": null,
    "Bonus": {
        "MinimumPerHarvest": 2,
        "MaximumPerHarvest": 3,
        "MaxIncreasePerFarmLevel": 5,
        "ExtraChance": 0.2,
    },
"SeedPurchaseFrom": "Krobus",
  "SeedPurchasePrice": 200,

}
