{
  "Name": "Rich Tiramisu",
  "Description": "A cake made with coffee drenched cookies.",
  "Category": "Cooking",
  "Edibility": 44,
  "EdibleIsDrink": false,
  "EdibleBuffs": null,
  "Price": 1095,
  "IsColored": false,
  "GiftTastes": {
    "Like": ["Abigail", "Alex", "Caroline", "Clint", "Demetrius", "Dwarf", "Elliott", "Emily", "Evelyn", "George", "Gus", "Haley", "Harvey", "Jodi", "Kent", "Leah", "Lewis", "Linus", "Marnie", "Maru", "Pam", "Penny", "Pierre", "Robin", "Sam", "Sandy", "Sebastian", "Shane", "Wizard"],
	"Dislike": ["Jas", "Krobus", "Vincent", "Willy"],
  },
  "Recipe": {
    "ResultCount": 1,
    "Ingredients": [
      {
        "Object": 395,
        "Count": 1,
      },
{
        "Object": "Cream Cheese",
        "Count": 1,
      },
{
        "Object": "Cocoa Pod",
        "Count": 1,
      },
{
        "Object": "Lady Fingers",
        "Count": 1,
      }
    ],
    "CanPurchase": true,
    "PurchaseFrom": "Gus",
    "PurchasePrice": 3095,
    "PurchaseRequirements": ["y 2",
],
  }
}