{
    "Name": "Chamomile",
    "Product": "Chamomile",
    "SeedName": "Chamomile Seeds",    
    "SeedDescription": "Plant these in spring. Takes 5 days to mature.",
    "Type": "Flower",

    "Seasons": ["spring"],
    "Phases": [ 1, 1, 2, 1 ],
    "RegrowthPhase": -1,
    "HarvestWithScythe": false,
    "TrellisCrop": false,
    "Colors": null,
    "Bonus": {
        "MinimumPerHarvest": 1,
        "MaximumPerHarvest": 1,
        "MaxIncreasePerFarmLevel": 5,
        "ExtraChance": 0.0,
    },

    "SeedPurchasePrice": 30,

}
