{
  "Name": "Cookie Bear",
  "Description": "A cute cookie shaped like a bear.",
  "Category": "Cooking",
  "Edibility": 32,
  "EdibleIsDrink": false,
  "EdibleBuffs": null,
  "Price": 500,
  "IsColored": false,
  "GiftTastes": {
    "Like": ["Abigail", "Alex", "Caroline", "Clint", "Demetrius", "Dwarf", "Elliott", "Emily", "Evelyn", "George", "Gus", "Haley", "Harvey", "Jas", "Jodi", "Kent", "Lewis", "Linus", "Marnie", "Maru", "Pam", "Penny", "Pierre", "Robin", "Sam", "Sandy", "Sebastian", "Shane", "Vincent", "Wizard"],
	"Dislike": ["Leah", "Krobus", "Willy"],
	},
  "Recipe": {
    "ResultCount": 1,
    "Ingredients": [
      {
        "Object": "Vanilla",
        "Count": 1,
      },
      {
        "Object": 246,
        "Count": 1,
      },
      {
        "Object": 245,
        "Count": 1,
      },
      {
        "Object": -5,
        "Count": 1,
      }
    ],
    "CanPurchase": true,
    "PurchaseFrom": "Gus",
    "PurchasePrice": 1500,
    "PurchaseRequirements": null,
  }
}