{
  "Name": "Earl Grey Kombucha",
  "Description": "A non-traditional Kombucha made with Earl Grey Tea.",
  "Category": "ArtisanGoods",
  "Edibility": 34,
  "EdibleIsDrink": true,
  "Price": 760,
  "IsColored": false,
  "Recipe": null,
  "GiftTastes": {
	"Love": ["Harvey", "Sebastian"],
	"Like": ["Abigail", "Alex", "Caroline", "Clint", "Demetrius", "Dwarf", "Elliott", "Emily", "Evelyn", "George", "Gus", "Haley", "Jas", "Jodi", "Kent", "Krobus", "Leah", "Lewis", "Linus", "Marnie", "Maru", "Pam", "Penny", "Pierre", "Robin", "Sam", "Sandy", "Shane", "Vincent", "Willy", "Wizard"],
  }
}
