{
  "Name": "Spinach",
  "Description": "He's strong to the finish because he eats his spinach!",
  "Category": "Vegetable",
  "Edibility": 15,
  "Price": 35,
  "IsColored": false,
  "GiftTastes": {
    "Like": ["Alex", "Caroline", "Clint", "Demetrius", "Dwarf", "Elliott", "Emily", "Evelyn", "George", "Gus", "Harvey",  "Jodi", "Kent", "Krobus", "Leah", "Lewis", "Linus", "Marnie", "Maru", "Pam", "Penny", "Pierre", "Robin", "Sandy", "Sebastian", "Shane", "Willy", "Wizard"],
	"Dislike": ["Abigail", "Haley", "Jas", "Sam", "Vincent"],
  },
  "Recipe": null,
}