{
  "Name": "Mint Kombucha",
  "Description": "A Kombucha with Mint flavors.",
  "Category": "ArtisanGoods",
  "Edibility": 26,
  "EdibleIsDrink": true,
  "Price": 520,
  "IsColored": false,
  "Recipe": null,
  "GiftTastes": {
	"Love": ["Sebastian"],
    "Like": ["Alex", "Caroline", "Clint", "Demetrius", "Dwarf", "Elliott", "Emily", "Evelyn", "George", "Gus", "Harvey", "Jodi", "Kent", "Leah", "Lewis", "Linus", "Marnie", "Maru", "Pam", "Penny", "Pierre","Robin", "Sam", "Sandy", "Shane", "Willy", "Wizard"],
	"Neutral": ["Abigail", "Haley"],
	"Dislike": ["Jas", "Krobus", "Vincent"],
  }
}
