{
  "Name": "Avocado Toast",
  "Description": "You just don't understand it!",
  "Category": "Cooking",
  "Edibility": 48,
  "EdibleIsDrink": false,
  "EdibleBuffs": null,
  "Price": 410,
  "IsColored": false,
  "Recipe": {
    "ResultCount": 1,
    "Ingredients": [
      {
        "Object": "Avocado",
        "Count": 1,
      },
      {
        "Object": 216,
        "Count": 1,
      }
    ],
    "CanPurchase": true,
    "PurchaseFrom": "Gus",
    "PurchasePrice": 2410,
    "PurchaseRequirements": ["y 2",
],
  },
  "GiftTastes": {
	"Love": ["Abigail", "Alex", "Emily", "Leah", "Sam", "Sebastian"],
    "Like": ["Caroline", "Clint", "Demetrius", "Dwarf", "Elliott", "Evelyn", "George", "Gus", "Haley", "Harvey", "Jas", "Jodi", "Kent", "Linus", "Marnie", "Maru", "Pam", "Penny", "Robin", "Sandy", "Shane", "Vincent", "Wizard"],
	"Neutral": ["Krobus", "Willy"],
	"Dislike": ["Lewis", "Pierre"],
  }
}