{
  "Name": "Basil",
  "Description": "Generally speaking, the herb is sweet, slightly minty and slightly peppery.",
  "Category": "Vegetable",
  "Edibility": 5,
  "Price": 35,
  "IsColored": false,
    "GiftTastes": {
	"Love": ["Gus"],
    "Like": ["Abigail", "Alex", "Caroline", "Clint", "Demetrius", "Dwarf", "Elliott", "Emily", "Evelyn", "George", "Haley", "Harvey", "Jas", "Jodi", "Kent", "Krobus", "Leah", "Lewis", "Linus", "Marnie", "Maru", "Pam", "Penny", "Pierre", "Robin", "Sam", "Sandy", "Sebastian", "Shane", "Vincent", "Willy", "Wizard"],
  },
  "Recipe": null,
}