{
  "Name": "Saffron",
  "Description": "A rare and valuable spice with a distinct yellow color.",
  "Category": "ArtisanGoods",
  "Edibility": -300,
  "Price": 250,
  "IsColored": false,
  "Recipe": null,
  "GiftTastes": {
	"Love": ["Gus"],
	"Like": ["Abigail", "Alex", "Caroline", "Clint", "Demetrius", "Dwarf", "Elliott", "Emily", "Evelyn", "George", "Haley", "Harvey", "Jodi", "Kent", "Krobus", "Leah", "Lewis", "Linus", "Marnie", "Maru", "Pam", "Penny", "Pierre", "Robin", "Sam", "Sandy", "Sebastian", "Shane", "Willy", "Wizard"],
	"Dislike": ["Jas", "Vincent"],
  }
}