{
    "Name": "Wasabi",
    "Product": "Wasabi Root",
    "SeedName": "Wasabi Seeds",
    "SeedDescription": "Plant these in summer. Takes 8 days to mature.",
    "Type": "Vegetable",

    "Seasons": ["summer"],
    "Phases": [ 1, 2, 3, 2 ],
    "RegrowthPhase": -1,
    "HarvestWithScythe": false,
    "TrellisCrop": false,
    "Colors": null,
    "Bonus": {
        "MinimumPerHarvest": 1,
        "MaximumPerHarvest": 1,
        "MaxIncreasePerFarmLevel": 5,
        "ExtraChance": 0.0,
    },
    "SeedPurchasePrice": 100,
"SeedPurchaseRequirements": null,
}