{
  "Name": "Fruit Yogurt",
  "Description": "Yogurt with the flavor of a fruit.",
  "Category": "ArtisanGoods",
  "Edibility": 22,
  "Price": 125,
  "IsColored": false,
  "Recipe": null,
  "GiftTastes": {
	"Like": ["Abigail", "Alex", "Caroline", "Clint", "Demetrius", "Dwarf", "Elliott", "Emily", "Evelyn", "George", "Gus", "Haley", "Harvey", "Jas", "Jodi", "Krobus", "Leah", "Lewis", "Linus", "Marnie", "Maru", "Pam", "Penny", "Pierre", "Robin", "Sam", "Sandy", "Shane", "Vincent", "Willy", "Wizard"],
	"Hate": ["Kent", "Sebastian"],
  }
}