{
    "Name": "Onion",
    "Product": "Onion",
    "SeedName": "Onion Seeds",
    "SeedDescription": "Plant these in the spring. Takes 8 days to mature.",
    "Type": "Vegetable",

    "Seasons": ["spring"],
    "Phases": [ 1, 2, 3, 2 ],
    "RegrowthPhase": -1,
    "HarvestWithScythe": false,
    "TrellisCrop": false,
    "Colors": null,
    "Bonus": {
        "MinimumPerHarvest": 1,
        "MaximumPerHarvest": 1,
        "MaxIncreasePerFarmLevel": 5,
        "ExtraChance": 0.0,
    },

    "SeedPurchasePrice": 80,

}
