{
  "Name": "Paella",
  "Description": "An Fern Islands favorite.",
  "Category": "Cooking",
  "Edibility": 111,
  "EdibleIsDrink": false,
  "EdibleBuffs": null,
  "Price": 550,
  "IsColored": false,
  "GiftTastes": {
	"Love": ["Clint"],
    "Like": ["Abigail", "Alex", "Caroline", "Demetrius", "Dwarf", "Elliott", "Evelyn", "George", "Gus", "Harvey", "Jodi", "Kent", "Krobus", "Lewis", "Linus", "Maru", "Pam", "Penny", "Pierre", "Robin", "Sandy", "Willy", "Wizard"],
	"Neutral": ["Emily", "Haley", "Jas", "Leah", "Marnie", "Sam", ],
	"Dislike": ["Shane", "Vincent"],
	"Hate": ["Sebastian"],
  },
  "Recipe": {
    "ResultCount": 1,
    "Ingredients": [
      {
        "Object": 423,
        "Count": 1,
      },
      {
        "Object": "Chicken Stock",
        "Count": 1,
      },
{
        "Object": 719,
        "Count": 2,
      },
{
        "Object": "Chicken",
        "Count": 1,
      },
  {
        "Object": "Saffron",
        "Count": 1,
      }
    ],
    "CanPurchase": true,
    "PurchaseFrom": "Gus",
    "PurchasePrice": 1000,
    "PurchaseRequirements": ["y 2",
],
  }
}