{
  "Name": "Slime Butter",
  "Description": "A green butter made from slime...",
  "Category": "ArtisanGoods",
  "Edibility": -12,
  "Price": 100,
  "IsColored": false,
  "Recipe": null,
 "GiftTastes": {
"Like": ["Krobus"],
    "Hate": ["Abigail", "Alex", "Caroline", "Clint", "Demetrius", "Dwarf", "Elliott", "Emily", "Evelyn", "George", "Gus",  "Haley", "Harvey", "Jas", "Jodi", "Kent", "Leah", "Lewis", "Linus", "Maru", "Pam", "Penny", "Pierre","Robin", "Sam", "Sandy", "Sebastian", "Shane", "Vincent", "Willy", "Wizard", "Marnie"],
  },
}