{
  "Name": "Chai	Tea",
  "Description": "A creamy tea with a slight cinnamon flavor.",
  "Category": "Cooking",
  "Edibility": 5,
  "EdibleIsDrink": true,
  "EdibleBuffs": null,
  "Price": 600,
  "IsColored": false,
  "Recipe": {
    "ResultCount": 1,
    "Ingredients": [
      {
        "Object": "Tea Leaf",
        "Count": 4,
      },
{
        "Object": "Cinnamon Sticks",
        "Count": 1,
      }
    ],
    "CanPurchase": true,
    "PurchaseFrom": "Gus",
    "PurchasePrice": 1600,
    "PurchaseRequirements": ["z spring summer winter",
"y 2",
],
  },
  "GiftTastes": {
	"Like": ["Abigail", "Alex", "Clint", "Dwarf", "Elliott", "Emily", "Evelyn", "George", "Gus", "Haley", "Harvey", "Jas", "Jodi", "Kent", "Krobus", "Leah", "Lewis", "Linus", "Marnie", "Maru", "Pam", "Penny", "Robin", "Sam", "Sandy", "Sebastian", "Shane", "Vincent", "Willy", "Wizard"],
	"Dislike": ["Caroline", "Demetrius", "Pierre"],
  }
}