{
  "Name": "Elderberry",
  "Description": "Your mother was a hamster and your father smelt of elderberries!",
  "Category": "Fruit",
  "Edibility": 15,
  "Price": 60,
  "IsColored": false,
  "GiftTastes": {
    "Like": ["Demetrius", "Jodi", "Kent", "Leah", "Linus", "Pam", "Robin", "Sandy", "Shane"],
	"Dislike": ["Abigail", "Alex", "Clint", "Dwarf", "Emily", "George", "Gus", "Haley", "Harvey", "Jas", "Krobus", "Lewis", "Marnie", "Maru", "Penny", "Pierre", "Sam", "Sebastian", "Vincent", "Willy", "Wizard"],
	"Hate": ["Caroline", "Elliott", "Evelyn"],
  },
  "Recipe": null,
}