{
  "Name": "Cashew Butter",
  "Description": "A crunchy butter with bits of cashew inside.",
  "Category": "ArtisanGoods",
  "Edibility": 18,
  "Price": 175,
  "IsColored": false,
  "Recipe": null,
"GiftTastes": {
	"Love": ["Alex", "Leah"],
    "Like": ["Abigail", "Caroline", "Clint", "Demetrius", "Dwarf", "Elliott", "Emily", "Evelyn", "George", "Gus", "Haley", "Harvey", "Jas", "Jodi", "Kent", "Krobus", "Lewis", "Linus", "Marnie", "Maru", "Pam", "Penny", "Pierre","Robin", "Sam", "Sandy", "Sebastian", "Shane", "Vincent", "Willy", "Wizard"],
  },
}