{
    "Name": "Chevon",
    "Product": "Chevon",
    "SeedName": "Chevonvine Seeds",
    "SeedDescription": "Plant these in summer or fall. Takes 8 days to mature.",
    "Type": "ArtisanGoods",

    "Seasons": ["summer", "fall"],
    "Phases": [ 1, 2, 1, 2, 2],
    "RegrowthPhase": -1,
    "HarvestWithScythe": false,
    "TrellisCrop": false,
    "Colors": null,
    "Bonus": {
        "MinimumPerHarvest": 2,
        "MaximumPerHarvest": 2,
        "MaxIncreasePerFarmLevel": 5,
        "ExtraChance": 0.0,
    },

  "SeedPurchasePrice": 100,


}
