{
    "Name": "Passion_Flower",
    "Product": "Passion Flower",
    "SeedName": "Passion Flower Seeds",
    "SeedDescription": "Plant in summer. Takes 8 days to produce a lovely flower.",
    "Type": "Flower",

    "Seasons": ["summer"],
    "Phases": [ 1, 2, 3, 2 ],
    "RegrowthPhase": -1,
    "HarvestWithScythe": false,
    "TrellisCrop": false,
    "Colors": null,
    "Bonus": {
        "MinimumPerHarvest": 1,
        "MaximumPerHarvest": 1,
        "MaxIncreasePerFarmLevel": 5,
        "ExtraChance": 0.0,
    },

    "SeedPurchasePrice": 90,

}
