{
  "Name": "Raisins",
  "Description": "Dried grapes that make for a tasty snack!",
  "Category": "ArtisanGoods",
  "Edibility": 22,
  "Price": 150,
  "IsColored": false,
  "Recipe": null,
  "GiftTastes": {
	"Like": ["Alex", "Caroline", "Clint", "Demetrius", "Dwarf", "Elliott", "Emily", "Evelyn", "George", "Gus", "Harvey", "Jodi", "Kent", "Krobus", "Leah", "Lewis", "Linus", "Marnie", "Maru", "Pam", "Pierre", "Robin", "Sam", "Sandy", "Sebastian", "Shane", "Vincent", "Willy", "Wizard"],
	"Dislike": ["Abigail", "Haley", "Jas", "Penny"],
  }
}