{
  "Name": "Black Coffee",
  "Description": "It's extremely bitter.",
  "Category": "Cooking",
  "Edibility": 5,
  "EdibleIsDrink": true,
 "EdibleBuffs": {
    "Farming": 0,
    "Fishing": 0,
    "Mining": 0,
    "Luck": 0,
	"Foraging": 0,
	"MaxStamina": 0,
    "MagnetRadius": 0,
	"Speed": 1,
	"Defense": 0,
	"Attack": 0,
    "Duration": 60,
  },
  "Price": 50,
  "IsColored": false,
  "GiftTastes": {
    "Love": ["Harvey"],
    "Like": ["Alex", "Abigail", "Caroline", "Clint", "Demetrius", "Dwarf", "Elliott", "Emily", "Evelyn", "George", "Gus", "Jodi", "Kent", "Krobus", "Leah", "Lewis", "Linus", "Maru", "Pam", "Penny", "Pierre", "Robin", "Sam", "Sandy", "Sebastian", "Shane", "Willy", "Wizard"],
	"Hate": ["Jas", "Vincent"],
	},
  "Recipe": null,
    "CanPurchase": true,
    "PurchaseFrom": "Gus",
    "PurchasePrice": 100,
    "PurchaseRequirements": null,
 
}