{
  "Name": "Bear Donut",
  "Description": "It's shaped like a bear! How cute!",
  "Category": "Cooking",
  "Edibility": 66,
  "EdibleIsDrink": false,
  "EdibleBuffs": null,
  "Price": 725,
  "IsColored": false,
  "GiftTastes": {
    "Love": ["Abigail", "Jodi"],
    "Like": ["Alex", "Caroline", "Clint", "Demetrius", "Dwarf", "Elliott", "Emily", "Evelyn", "Gus", "Harvey", "Jas", "Kent", "Lewis", "Linus", "Marnie", "Maru", "Pam", "Penny", "Pierre", "Robin", "Sam", "Sandy", "Shane", "Vincent", "Wizard"],
    "Neutral": ["George", "Leah", "Sebastian"],
	"Dislike": ["Krobus", "Willy"],
  },
  "Recipe": {
    "ResultCount": 1,
    "Ingredients": [
      {
        "Object": "Chocolate",
        "Count": 1,
      },
      {
        "Object": 246,
        "Count": 1,
      },
      {
        "Object": 245,
        "Count": 1,
      },
      {
        "Object": -5,
        "Count": 1,
      }
    ],
    "CanPurchase": true,
    "PurchaseFrom": "Gus",
    "PurchasePrice": 2725,
    "PurchaseRequirements": ["y 2",
],
  }
}