{
  "Name": "Candle",
  "Description": "A flower scented candle.",
  "Category": "ArtisanGoods",
  "Edibility": -300,
  "Price": 200,
  "IsColored": false,
  "Recipe": null,
  "GiftTastes":
    {
        "Love": ["Emily", "Sandy"],
        "Like": ["Evelyn", "Caroline", "Jodi", "Linus", "Penny"],
        "Neutral": ["Clint", "George", "Sebastian", "Abigial", "Alex", "Demetrius", "Dwarf", "Elliott", "Gus", "Haley", "Harvey", "Jas", "Kent", "Krobus", "Leah", "Lewis", "Maru", "Pam", "Pierre", "Robin", "Sam", "Shane", "Vincent", "Willy", "Wizard", "Marnie"],
    }
}