{
  "Name": "Kimchi",
  "Description": "Most commonly made from cabbage mixed with spicy seasonings.",
  "Category": "ArtisanGoods",
  "Edibility": -300,
  "Price": 250,
  "IsColored": false,
  "Recipe": null,
 "CanPurchase": true,
    "PurchaseFrom": "Gus",
    "PurchasePrice": 250,
    "PurchaseRequirements": null,
 "GiftTastes": {
	"Dislike": ["Abigail", "Alex", "Caroline", "Clint", "Demetrius", "Dwarf", "Elliott", "Emily", "Evelyn", "George", "Gus", "Haley", "Harvey", "Jas", "Jodi", "Kent", "Krobus", "Leah", "Lewis", "Linus", "Marnie", "Maru", "Pam", "Penny", "Pierre", "Robin", "Sam", "Sandy", "Sebastian", "Shane", "Vincent", "Willy", "Wizard"],
  }
}