{
  "Name": "Lemon Kombucha",
  "Description": "It isn't sour at all!",
  "Category": "ArtisanGoods",
  "Edibility": 30,
  "EdibleIsDrink": true,
  "Price": 750,
  "IsColored": false,
  "Recipe": null,
"GiftTastes": {
	"Love": ["Gus", "Sebastian"],
    "Like": ["Alex", "Caroline", "Clint", "Demetrius", "Dwarf", "Elliott", "Emily", "Evelyn", "George", "Harvey", "Jodi", "Kent", "Krobus", "Leah", "Lewis", "Linus", "Marnie", "Maru", "Pam", "Penny", "Pierre","Robin", "Sam", "Sandy", "Shane", "Willy", "Wizard"],
	"Neutral": ["Abigail", "Haley"],
	"Dislike": ["Jas", "Vincent"],
  }
}
