{
  "Name": "Pathos Cookie",
  "Description": "...let's not find out what happens if you eat it",
  "Category": "Cooking",
  "Edibility": 40,
  "EdibleIsDrink": false,
  "EdibleBuffs": {
    "Farming": 0,
    "Foraging": 0,
    "Mining": 0,
    "Fishing": 0,
    "Luck": 2,
    "Duration": 100,
  },
  "Price": 70,
  "IsColored": false,
  "GiftTastes": {
    "Like": ["Abigail", "Alex", "Caroline", "Clint", "Demetrius", "Dwarf", "Elliott", "Emily", "Evelyn", "George", "Gus", "Haley", "Harvey", "Jas", "Jodi", "Kent", "Leah", "Lewis", "Linus", "Marnie", "Maru", "Pam", "Penny", "Pierre", "Robin", "Sam", "Sandy", "Sebastian", "Shane", "Vincent", "Wizard"],
	"Dislike": ["Krobus", "Willy"],
  },
  "Recipe": null,
    "CanPurchase": true,
    "PurchaseFrom": "Gus",
    "PurchasePrice": 1500,
    "PurchaseRequirements": null,
  
}