{
  "Name": "Breakfast Tea",
  "Description": "A popular, sugared tea.",
  "Category": "Cooking",
  "Edibility": 33,
  "EdibleIsDrink": true,
  "EdibleBuffs": null,
  "Price": 490,
  "IsColored": false,
  "Recipe": {
    "ResultCount": 1,
    "Ingredients": [
      {
        "Object": "Tea Leaf",
        "Count": 4,
       },
{
        "Object": -6,
        "Count": 1,
       },
{
        "Object": 245,
        "Count": 1,
       }
    ],
      "CanPurchase": true,
    "PurchaseFrom": "Gus",
    "PurchasePrice": 1490,
    "PurchaseRequirements": null,
  },
  "GiftTastes": {
	"Love": ["Elliott", "Pierre"],
	"Like": ["Abigail", "Alex", "Caroline", "Clint", "Demetrius", "Emily", "Evelyn", "George", "Gus", "Haley", "Harvey", "Jas", "Jodi", "Kent", "Linus", "Marnie", "Maru", "Pam", "Penny", "Robin", "Sam", "Sandy", "Shane", "Vincent", "Wizard"],
	"Neutral": ["Dwarf", "Leah", "Lewis", "Sebastian"],
	"Dislike": ["Krobus", "Willy"],
  }
}