{
  "Name": "Vanilla Ice Cream",
  "Description": "You can never go wrong with the classics.",
  "Category": "ArtisanGoods",
  "Edibility": 38,
  "Price": 245,
  "IsColored": false,
  "Recipe": null,
   "GiftTastes":
    {
        "Love": ["Haley", "Demetrius"],
        "Like": ["Evelyn", "Caroline", "Jodi", "Linus", "Penny", "Sandy", "Clint", "George", "Abigial", "Alex", "Dwarf", "Elliott", "Gus", "Harvey", "Kent", "Lewis", "Maru", "Pam", "Pierre", "Robin", "Sam", "Shane", "Wizard", "Marnie", "Vincent", "Jas"],
        "Dislike": ["Emily", "Leah", "Krobus", "Sebastian", "Willy"]
    }
}