{
  "Name": "Chef Salad",
  "Description": "The chef's choice of salads.",
  "Category": "Cooking",
  "Edibility": 132,
  "EdibleIsDrink": false,
  "EdibleBuffs": null,
  "Price": 565,
  "IsColored": false,
  "Recipe": {
    "ResultCount": 1,
    "Ingredients": [
      {
        "Object": "Cucumber",
        "Count": 1,
      },
      {
        "Object": 176,
        "Count": 1,
      },
      {
        "Object": "Lettuce",
        "Count": 1,
      },
      {
        "Object": 424,
        "Count": 1,
      },
      {
        "Object": 256,
        "Count": 1,
      }
    ],
    "CanPurchase": true,
    "PurchaseFrom": "Gus",
    "PurchasePrice": 2565,
    "PurchaseRequirements": [
      "f Demetrius 1250",
"y 2",
    ]
  },
  "GiftTastes": {
	"Love": ["Leah"],
	"Like": ["Alex", "Caroline", "Clint", "Demetrius", "Dwarf", "Elliott", "Emily", "Evelyn", "George", "Gus", "Harvey", "Jodi", "Kent", "Krobus", "Lewis", "Linus", "Marnie", "Maru", "Pam", "Penny", "Pierre", "Robin", "Sandy", "Sebastian", "Shane", "Willy", "Wizard"],
	"Dislike": ["Abigail", "Haley", "Jas", "Sam", "Vincent"],
  }
}