{
  "Name": "Chanterelle Kombucha",
  "Description": "A fruity, slightly peppery tea-like drink made from fermented mushrooms.",
  "Category": "ArtisanGoods",
  "Edibility": 6,
  "EdibleIsDrink": true,
  "Price": 300,
  "IsColored": false,
  "Recipe": null,
  "GiftTastes": {
	"Love": ["Krobus", "Sebastian"],
	"Like": ["Harvey", "Leah", "Linus"],
	"Neutral": ["Alex", "Clint", "Demetrius", "Emily", "Evelyn", "George", "Gus", "Kent", "Lewis", "Marnie", "Maru", "Pam", "Penny", "Robin", "Sandy"],
	"Dislike": ["Abigail", "Caroline", "Dwarf", "Elliott", "Haley", "Jas", "Jodi", "Pierre", "Sam", "Shane", "Vincent", "Willy", "Wizard"],
  }
}
