{
  "Name": "Cucumber Roll",
  "Description": "It�s like a vegetarian maki roll.",
  "Category": "Cooking",
  "Edibility": 36,
  "EdibleIsDrink": false,
  "EdibleBuffs": null,
  "Price": 360,
  "IsColored": false,
  "Recipe": {
    "ResultCount": 1,
    "Ingredients": [
      {
        "Object": 423,
        "Count": 1,
      },
      {
        "Object": 152,
        "Count": 1,
      },
      {
        "Object": "Cucumber",
        "Count": 1,
      }
    ],
    "CanPurchase": true,
    "PurchaseFrom": "Gus",
    "PurchasePrice": 2360,
    "PurchaseRequirements": ["y 2",
],
  },
  "GiftTastes": {
	"Like": ["Alex", "Caroline", "Clint", "Demetrius", "Dwarf", "Elliott", "Emily", "Evelyn", "George", "Gus", "Harvey", "Jodi", "Kent", "Leah", "Lewis", "Linus", "Marnie", "Maru", "Pam", "Penny", "Pierre", "Robin", "Sandy", "Sebastian", "Shane", "Wizard"],
	"Dislike": ["Abigail", "Haley", "Jas", "Krobus", "Sam", "Vincent", "Willy"],
  }
}