{
  "Name": "Berry Fusion Tea",
  "Description": "Infused with the tastes of spring and summer, you'll get a kick out it!",
  "Category": "Cooking",
  "Edibility": 21,
  "EdibleIsDrink": true,
 "EdibleBuffs": {
    "Farming": 0,
    "Fishing": 0,
    "Mining": 0,
    "Luck": 0,
	"Foraging": 0,
	"MaxStamina": 0,
    "MagnetRadius": 0,
	"Speed": 0,
	"Defense": 0,
	"Attack": 2,
    "Duration": 300,
  },
  "Price": 525,
  "IsColored": false,
  "Recipe": {
    "ResultCount": 1,
    "Ingredients": [
      {
        "Object": 296,
        "Count": 1,
      },
      {
        "Object": 481,
        "Count": 1,
      }
    ],
    "CanPurchase": true,
    "PurchaseFrom": "Gus",
    "PurchasePrice": 1525,
    "PurchaseRequirements": [
      "z summer fall winter",
    ]
  },
  "GiftTastes": {
	"Love": ["Demetrius", "Elliott", "Jodi", "Leah", "Maru", "Sandy"],
	"Like": ["Abigail", "Alex", "Caroline", "Clint", "Dwarf", "Emily", "Evelyn", "George", "Gus", "Haley", "Harvey", "Jas", "Kent", "Lewis", "Linus", "Marnie", "Penny", "Pierre", "Robin", "Sam", "Sebastian", "Vincent"],
	"Neutral": ["Pam", "Shane"],
	"Dislike": ["Krobus", "Willy", "Wizard"],
  }
}