{
  "Name": "Sweet Potato",
  "Description": "The nicer cousin of the potato. It is sweet and earthy when baked.",
  "Category": "Vegetable",
  "Edibility": 10,
  "Price": 120,
  "IsColored": false,
  "GiftTastes": {
	"Love":["Linus"],
    "Like": ["Alex", "Caroline", "Clint", "Demetrius", "Dwarf", "Elliott", "Emily", "Evelyn", "George", "Gus",  "Harvey", "Jodi", "Kent", "Krobus", "Leah", "Lewis", "Marnie", "Maru", "Pam", "Penny", "Pierre", "Robin",  "Sandy", "Sebastian", "Shane", "Willy", "Wizard"],
	"Dislike": ["Abigail", "Haley", "Jas", "Sam", "Vincent"],
  },
  "Recipe": null,
}