{
    "Name": "Summer_Rose",
    "Product": "Summer Rose",
    "SeedName": "Summer Rose Starter",
    "SeedDescription": "Plant in summer. Takes 12 days to produce a famously beautiful flower, and keeps producing after the first harvest. Grows on a trellis.",
    "Type": "Flower",

    "Seasons": ["summer"],
 "Phases": [ 1, 2, 3, 4, 2 ],
    "RegrowthPhase": 5,
    "HarvestWithScythe": false,
    "TrellisCrop": true,
    "Colors": null,
    "Bonus": {
        "MinimumPerHarvest": 1,
        "MaximumPerHarvest": 3,
        "MaxIncreasePerFarmLevel": 5,
        "ExtraChance": 0.2,
    },

    "SeedPurchasePrice": 200,

}
