{
  "Name": "Strawberry Lemonade",
  "Description": "Freshly squeezed lemonade with strawberries!",
  "Category": "Cooking",
  "Edibility": 54,
  "EdibleIsDrink": true,
  "EdibleBuffs": null,
  "Price": 450,
  "IsColored": false,
  "Recipe": {
    "ResultCount": 1,
    "Ingredients": [
      {
        "Object": "Lemon",
        "Count": 1,
      },
      {
        "Object": 245,
        "Count": 1,
},
{
        "Object": 400,
        "Count": 1,
}
      
    ],
    "CanPurchase": true,
    "PurchaseFrom": "Gus",
    "PurchasePrice": 500,
    "PurchaseRequirements": null,
  },
"GiftTastes":
{
"Love": ["Maru", "Demetrius", "Sam", "Krobus"],
"Like": ["Shane", "Pam", "Robin", "Sandy"],
"Neutral": ["Gus", "Marnie", "Clint", "George", "Sebastian", "Abigial", "Alex", "Caroline", "Dwarf", "Elliott", "Emily", "Evelyn", "Haley", "Jodi", "Kent", "Leah", "Lewis", "Linus", "Pierre"],
"Dislike": ["Penny", "Vincent", "Jas", "Harvey", "Willy", "Wizard"],
}
}