{
  "Name": "Matcha Powder",
  "Description": "It contains a lot of antioxidants. When made fresh, it doesn't last for long.",
  "Category": "Cooking",
  "Edibility": 5,
  "Price": 190,
  "IsColored": false,
  "Recipe": null,
  "GiftTastes": {
	"Dislike": ["Abigail", "Alex", "Caroline", "Clint", "Demetrius", "Dwarf", "Elliott", "Emily", "Evelyn", "George", "Gus", "Haley", "Harvey", "Jas", "Jodi", "Kent", "Krobus", "Leah", "Lewis", "Linus", "Marnie", "Maru", "Pam", "Penny", "Pierre", "Robin", "Sam", "Sandy", "Sebastian", "Shane", "Vincent", "Willy", "Wizard"],
  }
  }