{
  "Name": "Rainbow Cotton Candy",
  "Description": "It's very colorful spun sugar.",
  "Category": "Cooking",
  "Edibility": 106,
  "EdibleIsDrink": false,
  "EdibleBuffs": null,
  "Price": 1220,
  "IsColored": false,
  "GiftTastes": {
	"Love": ["Robin"],
    "Like": ["Abigail", "Alex", "Caroline", "Clint", "Demetrius", "Dwarf", "Elliott", "Emily", "Evelyn", "George", "Gus", "Haley", "Harvey", "Jas", "Jodi", "Kent", "Leah", "Lewis", "Linus", "Marnie", "Maru", "Pam", "Penny", "Pierre", "Sam", "Sandy", "Sebastian", "Shane", "Vincent", "Wizard"],
	"Dislike": ["Krobus", "Willy"],
  },
  "Recipe": {
    "ResultCount": 1,
    "Ingredients": [
     {
        "Object": 245,
        "Count": 1,
      },
 {
        "Object": 268,
        "Count": 1,
      },
 {
        "Object": 636,
        "Count": 1,
      },
 {
        "Object": 638,
        "Count": 1,
      }
    ],
    "CanPurchase": true,
    "PurchaseFrom": "Gus",
    "PurchasePrice": 3220,
    "PurchaseRequirements": null,
  }
}