{
  "Name": "Brownie",
  "Description": "It's filled with yummy fudge!",
  "Category": "Cooking",
  "Edibility": 82,
  "EdibleIsDrink": false,
  "EdibleBuffs": null,
  "Price": 835,
  "IsColored": false,
  "GiftTastes": {
    "Like": ["Abigail", "Alex", "Caroline", "Clint", "Demetrius", "Dwarf", "Elliott", "Emily", "Evelyn", "Gus", "Haley", "Harvey", "Jas", "Jodi", "Kent", "Leah", "Lewis", "Linus", "Marnie", "Maru", "Pam", "Penny", "Pierre", "Robin", "Sam", "Sandy", "Shane", "Vincent", "Wizard"],
    "Neutral": ["George", "Sebastian"],
	"Dislike": ["Krobus", "Willy"],
	},
  "Recipe": {
    "ResultCount": 1,
    "Ingredients": [
      {
        "Object": -6,
        "Count": 1,
       },
{
        "Object": 245,
        "Count": 1,
       },
{
        "Object": -5,
        "Count": 1,
       },
{
        "Object": "Chocolate",
        "Count": 1,
       },
{
        "Object": 246,
        "Count": 1,
       }
    ],
      "CanPurchase": true,
    "PurchaseFrom": "Gus",
    "PurchasePrice": 2835,
    "PurchaseRequirements": [
      "r 0.25",
"y 2",
]
  }
}