{
	"Format": "1.5",
	"ConfigSchema": {
		"WoodPanels": {
			"AllowValues": "true, false",
			"Default": "true"
		}
	},
	"Changes": [
		{
			"Action": "EditImage",
			"Target": "walls_and_floors, Maps/walls_and_floors",
			"ToArea": { "X": 96, "Y": 0, "Width": 16, "Height": 45 },
			"FromFile": "assets/EggWallpaper.png",
			"FromArea": { "X": 0, "Y": 0, "Width": 16, "Height": 45 },
			"When" : { "WoodPanels": "false" }
		},
		{
			"Action": "EditImage",
			"Target": "walls_and_floors, Maps/walls_and_floors",
			"ToArea": { "X": 96, "Y": 0, "Width": 16, "Height": 45 },
			"FromFile": "assets/EggWallpaper.png",
			"FromArea": { "X": 16, "Y": 0, "Width": 16, "Height": 45 },
			"When" : { "WoodPanels": "true" }
		},
	]
}