{
  "Name": "Twine",
  "Description": "A spool of rough twine.",
  "Category": "ArtisanGoods",
  "Edibility": -300,
  "Price": 20,
  "IsColored": false,
  "Recipe": null,
"GiftTastes":
    {
        "Love": ["Emily", "Evelyn"],
        "Like": ["Leah"],
        "Neutral": ["Marnie", "Gus", "Clint", "George", "Sebastian", "Abigial", "Alex", "Caroline", "Demetrius", "Dwarf", "Elliott", "Haley", "Harvey", "Jodi", "Kent", "Krobus", "Leah", "Lewis", "Linus", "Maru", "Pierre", "Robin", "Sam", "Sandy", "Willy", "Wizard", "Pam", "Shane", "Penny", "Vincent", "Jas"],
    }
}