{
  "Name": "Autumn Muffin",
  "Description": "A decadent muffin that's topped with powdered sugar.",
  "Category": "Cooking",
  "Edibility": 50,
  "EdibleIsDrink": false,
  "EdibleBuffs": null,
  "Price": 945,
  "IsColored": false,
      "GiftTastes": {
	"Love": ["Leah", "Penny"],
    "Like": ["Abigail", "Alex", "Caroline", "Clint", "Demetrius", "Dwarf", "Elliott", "Emily", "Evelyn", "George", "Gus", "Haley", "Harvey", "Jas", "Jodi", "Kent", "Lewis", "Linus", "Marnie", "Maru", "Pam", "Pierre", "Robin", "Sam", "Sandy", "Sebastian", "Shane", "Vincent", "Wizard"],
	"Dislike": ["Krobus", "Willy"],
	},
  "Recipe": {
    "ResultCount": 1,
    "Ingredients": [
      {
        "Object": -5,
        "Count": 1,
      },
{
        "Object": 276,
        "Count": 1,
      },
{
        "Object": 246,
        "Count": 1,
      },
{
        "Object": -6,
        "Count": 1,
      },
{
        "Object": "Cinnamon Sticks",
        "Count": 1,
      }
    ],
    "CanPurchase": true,
    "PurchaseFrom": "Gus",
    "PurchasePrice": 2945,
    "PurchaseRequirements": [
      "z spring summer winter",
"y 2",]
  }
}