{
  "Name": "Chicken Stock",
  "Description": "Stewed down chicken broth that's often used as a base for soup.",
  "Category": "Cooking",
  "Edibility": 66,
  "EdibleIsDrink": false,
  "EdibleBuffs": null,
  "Price": 460,
  "IsColored": false,
  "GiftTastes": {
	"Love": ["Harvey"],
    "Like": ["Alex", "Caroline", "Clint", "Demetrius", "Dwarf", "Elliott", "Evelyn", "George", "Gus", "Jodi", "Kent", "Krobus", "Lewis", "Linus", "Maru", "Pam", "Penny", "Pierre", "Robin", "Sandy", "Willy", "Wizard"],
	"Neutral": ["Emily", "Leah", "Marnie"],
	"Dislike": ["Abigail", "Haley", "Jas", "Sam", "Shane", "Vincent"],
	"Hate": ["Sebastian"],
  },
  "Recipe": {
    "ResultCount": 1,
    "Ingredients": [
      {
        "Object": "Chicken",
        "Count": 1,
      },
  {
        "Object": "Onion",
        "Count": 1,
      },
  {
        "Object": "Celery",
        "Count": 1,
      },
  {
        "Object": "Carrot",
        "Count": 1,
      }
    ],
    "CanPurchase": true,
    "PurchaseFrom": "Gus",
    "PurchasePrice": 2460,
    "PurchaseRequirements": ["y 2",
],
  }
}