{
  "Name": "Strawberry and Cream Crepe",
  "Description": "A delicious dessert crepe covered in strawberries.",
  "Category": "Cooking",
  "Edibility": 60,
  "EdibleIsDrink": false,
  "EdibleBuffs": null,
  "Price": 480,
  "IsColored": false,
  "GiftTastes": {
	"Love": ["Demetrius", "Maru"],
    "Like": ["Alex", "Caroline", "Clint", "Dwarf", "Elliott", "Emily", "Evelyn", "George", "Gus", "Harvey", "Jodi", "Kent", "Leah", "Lewis", "Linus", "Marnie", "Pam", "Penny", "Pierre", "Robin", "Sam", "Sandy", "Shane", "Wizard"],
	"Neutral": ["Abigail", "Haley", "Jas", "Sebastian", "Vincent"],
	"Dislike": ["Krobus", "Willy"],
  },
  "Recipe": {
    "ResultCount": 1,
    "Ingredients": [
      {
        "Object": 400,
        "Count": 1,
      },
      {
        "Object": -5,
        "Count": 1,
      },
{
        "Object": 246,
        "Count": 1,
      },
{
        "Object": -6,
        "Count": 1,
      }
    ],
    "CanPurchase": true,
    "PurchaseFrom": "Gus",
    "PurchasePrice": 2480,
    "PurchaseRequirements": ["z summer fall winter",
],
  }
}