{
  "Name": "Celery",
  "Description": "Crisp and refreshing, it has little inherent taste on its own.",
  "Category": "Vegetable",
  "Edibility": 8,
  "Price": 70,
  "IsColored": false,
    "GiftTastes": {
	"Love": ["Harvey"],
    "Like": ["Alex", "Caroline", "Clint", "Demetrius", "Dwarf", "Elliott", "Emily", "Evelyn", "George", "Gus", "Jodi", "Kent", "Krobus", "Leah", "Lewis", "Linus", "Marnie", "Maru", "Pam", "Penny", "Pierre", "Robin", "Sandy", "Sebastian", "Shane", "Willy", "Wizard"],
	"Dislike": ["Abigail", "Haley", "Jas", "Sam", "Vincent"],
  },
  "Recipe": null,
}