{
  "Name": "Thyme",
  "Description": "An aromatic herb in the mint family, with small rounded leaves and pink flowers.",
  "Category": "Vegetable",
  "Edibility": 5,
  "Price": 55,
  "IsColored": false,
  "GiftTastes": {
    "Like": ["Abigail", "Alex", "Caroline", "Clint", "Demetrius", "Dwarf", "Elliott", "Emily", "Evelyn", "George", "Gus",  "Haley", "Harvey", "Jodi", "Kent", "Krobus", "Leah", "Lewis", "Linus", "Marnie", "Maru", "Pam", "Penny", "Pierre", "Robin", "Sam", "Sandy", "Sebastian", "Shane", "Willy", "Wizard"],
	"Dislike": ["Jas", "Vincent"],
  },
  "Recipe": null,
}