{
  "Name": "Corn Malt",
  "Description": "A roasted cereal grain that's used in processing alcohol.",
  "Category": "ArtisanGoods",
  "Edibility": -300,
  "Price": 150,
  "IsColored": false,
  "Recipe": null,
  "GiftTastes": {
	"Dislike": ["Abigail", "Alex", "Caroline", "Clint", "Demetrius", "Dwarf", "Elliott", "Emily", "Evelyn", "George", "Gus", "Haley", "Harvey", "Jas", "Jodi", "Kent", "Krobus", "Leah", "Lewis", "Linus", "Marnie", "Maru", "Pam", "Penny", "Pierre", "Robin", "Sam", "Sandy", "Sebastian", "Shane", "Vincent", "Willy", "Wizard"],
  }
}