{
    "Name": "Thyme",
    "Product": "Thyme",
    "SeedName": "Thyme Seeds",
    "SeedDescription": "Plant these in the fall. Takes 5 days to mature.",
    "Type": "Vegetable",

    "Seasons": ["fall"],
    "Phases": [ 1, 1, 2, 1 ],
    "RegrowthPhase": -1,
    "HarvestWithScythe": false,
    "TrellisCrop": false,
    "Colors": null,
    "Bonus": {
        "MinimumPerHarvest": 1,
        "MaximumPerHarvest": 1,
        "MaxIncreasePerFarmLevel": 5,
        "ExtraChance": 0.0,
    },

    "SeedPurchasePrice": 30,

}
