{
  "Name": "Strawberry Kiwi Popsicle",
  "Description": "It resembles a watermelon.",
  "Category": "Cooking",
  "Edibility": 42,
  "EdibleIsDrink": false,
  "EdibleBuffs": null,
  "Price": 725,
  "IsColored": false,
  "GiftTastes": {
    "Like": ["Alex", "Caroline", "Clint", "Demetrius", "Dwarf", "Elliott", "Emily", "Evelyn", "George", "Gus", "Harvey", "Jodi", "Kent", "Leah", "Lewis", "Linus", "Marnie", "Maru", "Pam", "Penny", "Pierre", "Robin", "Sam", "Sandy", "Sebastian", "Shane", "Wizard"],
	"Neutral": ["Abigail", "Haley", "Jas", "Vincent"],
	"Dislike": ["Krobus", "Willy"],
  },
  "Recipe": {
    "ResultCount": 1,
    "Ingredients": [
      {
        "Object": 400,
        "Count": 1,
      },
{
        "Object": "Kiwi",
        "Count": 1,
      },
      {
        "Object": 388,
        "Count": 1,
      }
    ],
    "CanPurchase": true,
    "PurchaseFrom": "Gus",
    "PurchasePrice": 1000,
    "PurchaseRequirements": null,

  }
}