{
    "Name": "Adzuki Bean",
    "Product": "Adzuki Bean",
    "SeedName": "Adzuki Bean Seeds",
    "SeedDescription": "Plant these in summer. Takes 10 days to mature.",
    "Type": "Vegetable",

    "Seasons": ["summer"],
    "Phases": [ 1, 2, 3, 2, 1 ],
    "RegrowthPhase": -1,
    "HarvestWithScythe": false,
    "TrellisCrop": false,
    "Colors": null,
    "Bonus": {
        "MinimumPerHarvest": 1,
        "MaximumPerHarvest": 1,
        "MaxIncreasePerFarmLevel": 5,
        "ExtraChance": 0.0,
    },
    "SeedPurchasePrice": 50,
"SeedPurchaseRequirements": null,
}