{
    "Name": "Sunflower Butter",
    "Description": "A peanut butter substitute with a sunny flavor.",
    "Category": "ArtisanGoods",
    "Edibility": 26,
    "Price": 120,
    "IsColored": false,
    "Recipe": null,
    "GiftTastes":
    {
        "Love": ["Haley"],
        "Like": ["Gus"],
        "Neutral": ["Abigial", "Alex", "Caroline", "Demetrius", "Dwarf", "Elliott", "Emily", "Evelyn", "Harvey", "Jas", "Jodi", "Kent", "Krobus", "Leah", "Lewis", "Linus", "Marnie", "Maru", "Pam", "Penny", "Pierre", "Robin", "Sam", "Sandy", "Shane", "Vincent", "Willy", "Wizard"],
        "Hate": ["Clint", "George", "Sebastian"]
    }
}