{
    "Name": "Blue_Mist",
    "Product": "Blue Mist",
    "SeedName": "Blue Mist Seeds",
        "SeedDescription": "Plant in summer. Takes 7 days to produce a blue star-shaped flower.",
    "Type": "Flower",

    "Seasons": ["summer"],
    "Phases": [ 1, 2, 2, 2 ],
    "RegrowthPhase": -1,
    "HarvestWithScythe": false,
    "TrellisCrop": false,
    "Colors": null,
    "Bonus": {
        "MinimumPerHarvest": 1,
        "MaximumPerHarvest": 1,
        "MaxIncreasePerFarmLevel": 5,
        "ExtraChance": 0.0,
    },

    "SeedPurchasePrice": 180,

}
