{
  "Name": "Wasabi Paste",
  "Description": "A pale green paste often served with sushi. Very spicy!",
  "Category": "ArtisanGoods",
  "Edibility": -300,
  "Price": 80,
  "IsColored": false,
  "Recipe": null,
 "GiftTastes": {
	"Love": ["Krobus"],
	"Like": ["Harvey", "Leah",  "Linus", "Shane", "Sebastian"],
    "Neutral": ["Demetrius", "Emily",  "Jodi", "Kent", "Maru", "Penny", "Sandy"],
	"Dislike": ["Abigail", "Alex", "Caroline", "Clint", "Dwarf", "Elliott", "Evelyn", "George", "Gus", "Lewis", "Marnie", "Pam", "Pierre", "Robin", "Sam", "Willy", "Wizard"],
	"Hate": ["Haley", "Jas", "Vincent"],
  }
}