{
  "Name": "Carolina Reaper Extract",
  "Description": "The perfect gift for someone who tries to steal your wallet.",
  "Category": "ArtisanGoods",
  "Edibility": -300,
  "Price": 900,
  "IsColored": false,
  "Recipe": null,
  "GiftTastes": {
	"Love": ["Krobus", "Shane"],
	"Like": ["Abigail", "Alex", "Caroline", "Clint", "Demetrius", "Dwarf", "Elliott", "Emily", "Evelyn", "George", "Gus", "Harvey", "Jodi", "Kent", "Leah", "Lewis", "Linus", "Marnie", "Maru", "Pam", "Penny", "Pierre", "Robin", "Sam", "Sandy", "Sebastian", "Willy", "Wizard"],
	"Dislike": ["Haley",  "Jas", "Vincent", ],
  }
}