{
    "Name": "Oregano",
    "Product": "Oregano",
    "SeedName": "Oregano Seeds",
    "SeedDescription": "Plant these in the summer. Takes 4 days to mature.",
    "Type": "Vegetable",

    "Seasons": ["summer"],
    "Phases": [ 1, 1, 1, 1 ],
    "RegrowthPhase": -1,
    "HarvestWithScythe": false,
    "TrellisCrop": false,
    "Colors": null,
    "Bonus": {
        "MinimumPerHarvest": 1,
        "MaximumPerHarvest": 1,
        "MaxIncreasePerFarmLevel": 5,
        "ExtraChance": 0.0,
    },

    "SeedPurchasePrice": 30,

}
