{
  "Name": "Crab Roll",
  "Description": "Imitation crab is for the weak.",
  "Category": "Cooking",
  "Edibility": 110,
  "EdibleIsDrink": false,
  "EdibleBuffs": null,
  "Price": 660,
  "IsColored": false,
  "Recipe": {
    "ResultCount": 1,
    "Ingredients": [
      {
        "Object": "Avocado",
        "Count": 1,
      },
      {
        "Object": "Cucumber",
        "Count": 1,
      },
      {
        "Object": 423,
        "Count": 1,
      },
      {
        "Object": 152,
        "Count": 1,
      }
    ],
    "CanPurchase": true,
    "PurchaseFrom": "Gus",
    "PurchasePrice": 2660,
    "PurchaseRequirements": ["y 2",
],
  },
  "GiftTastes": {
	"Love": ["Elliott", "Sebastian"],
	"Like": ["Abigail", "Alex", "Caroline", "Clint", "Demetrius", "Dwarf", "George", "Gus", "Haley", "Harvey", "Jas", "Jodi", "Kent", "Leah", "Lewis", "Linus", "Marnie", "Maru", "Pam", "Penny", "Pierre", "Robin", "Sam", "Sandy", "Shane", "Vincent", "Wizard"],
	"Neutral": ["Willy"],
	"Dislike": ["Krobus"],
	"Hate": ["Emily", "Evelyn"],
  }
}