{
    "Name": "Clary_Sage",
    "Product": "Clary Sage",
    "SeedName": "Clary Sage Seeds",
    "SeedDescription": "Plant in summer. Takes 8 days takes to produce purple-pink flowers.",
    "Type": "Flower",

    "Seasons": ["summer"],
    "Phases": [ 1, 2, 3, 2 ],
    "RegrowthPhase": -1,
    "HarvestWithScythe": false,
    "TrellisCrop": false,
    "Colors": [
    "254, 86, 154, 255",
    "128, 79, 244, 255",
    "207, 151, 255, 255"
    ],
    "Bonus": {
        "MinimumPerHarvest": 1,
        "MaximumPerHarvest": 3,
        "MaxIncreasePerFarmLevel": 5,
        "ExtraChance": 0.0,
    },

    "SeedPurchasePrice": 100,

}
