{
  "Name": "Bacon",
  "Description": "Breakfast meat is magic.",
  "Category": "Cooking",
  "Edibility": 40,
  "EdibleIsDrink": false,
  "EdibleBuffs": null,
  "Price": 230,
  "IsColored": false,
  "GiftTastes": {
	"Love": ["Alex"],
	"Like": ["Abigial", "Caroline", "Clint", "Demetrius", "Dwarf", "Elliott", "Evelyn", "George", "Gus", "Jodi", "Kent", "Krobus", "Lewis", "Linus", "Maru", "Pam", "Penny", "Pierre", "Robin", "Sam", "Sandy", "Shane", "Willy", "Wizard"],
	"Neutral": ["Harvey", "Vincent"],
	"Dislike": ["Emily", "Haley", "Leah", "Jas", "Marnie"],
	"Hate": ["Sebastian"],
  },
  "Recipe": {
    "ResultCount": 2,
    "Ingredients": [
      {
        "Object": "Pork",
        "Count": 1,
      }
    ],
    "IsDefault": true,
  }
}