{
  "Name": "Cookie Butter",
  "Description": "Cookies ground into a smooth, delicious paste. Don't lie to yourself. Just use a spoon.",
  "Category": "ArtisanGoods",
  "Edibility": 46,
  "Price": 320,
  "IsColored": false,
  "Recipe": null,
"GiftTastes": {
	"Like": ["Abigail", "Alex", "Caroline", "Clint", "Demetrius", "Dwarf", "Elliott", "Emily", "Evelyn", "George", "Gus", "Haley", "Harvey", "Jas", "Jodi", "Kent", "Leah", "Lewis", "Linus", "Marnie", "Maru", "Pam", "Penny", "Pierre", "Robin", "Sam", "Sandy", "Sebastian", "Shane", "Vincent", "Wizard"],
	"Dislike": ["Krobus", "Willy"],
  }
}