{
  "Name": "Ramen",
  "Description": "A simple dish with slightly chewy noodles.",
  "Category": "Cooking",
  "Edibility": 88,
  "EdibleIsDrink": false,
  "EdibleBuffs": null,
  "Price": 200,
  "IsColored": false,
  "GiftTastes": {
	"Love": ["Sam", "Shane"],
    "Like": ["Abigail", "Alex", "Caroline", "Clint", "Demetrius", "Dwarf", "Elliott", "Emily", "Evelyn", "George", "Gus", "Haley", "Harvey", "Jas", "Jodi", "Kent", "Krobus", "Leah", "Lewis", "Linus", "Marnie", "Maru", "Pam", "Penny", "Pierre", "Robin", "Sandy", "Sebastian", "Vincent", "Willy", "Wizard"],
  },
  "Recipe": {
    "ResultCount": 1,
    "Ingredients": [
      {
        "Object": 152,
        "Count": 1,
       },
{
        "Object": -5,
        "Count": 1,
       },
{
        "Object": 246,
        "Count": 1,
       }
    ],
    "CanPurchase": true,
    "PurchaseFrom": "Gus",
    "PurchasePrice": 450,
    "PurchaseRequirements": null,

  }
}