{
    "Name": "Money_Plant",
    "Product": "Doubloom",
    "SeedName": "Doubloom Seeds",
    "SeedDescription": "Plant these in fall. Takes 13 days to mature, and keeps producing after the first harvest.",
    "Type": "ArtisanGoods",

    "Seasons": ["fall"],
    "Phases": [ 2, 2, 3, 3, 3, ],
    "RegrowthPhase": 6,
    "HarvestWithScythe": false,
    "TrellisCrop": false,
    "Colors": null,
    "Bonus": {
        "MinimumPerHarvest": 1,
        "MaximumPerHarvest": 1,
        "MaxIncreasePerFarmLevel": 5,
        "ExtraChance": 0.0,
    },
"SeedPurchaseFrom": "Krobus",
  "SeedPurchasePrice": 250,

}
