{
  "Name": "Wisteria Popsicle",
  "Description": "Freshly picked wisteria, frozen into a popsicle.",
  "Category": "Cooking",
  "Edibility": 6,
  "EdibleIsDrink": false,
  "EdibleBuffs": null,
  "Price": 500,
  "IsColored": false,
  "GiftTastes": {
	"Love": ["Sandy"],
    "Like": ["Caroline", "Emily", "Evelyn", "George", "Gus", "Haley", "Harvey", "Jas", "Jodi", "Kent", "Leah", "Linus", "Pierre", "Vincent"],
	"Neutral": ["Abigail", "Alex", "Clint", "Demetrius", "Lewis", "Marnie", "Maru", "Pam", "Penny", "Robin"],
	},
  "Recipe": {
    "ResultCount": 1,
    "Ingredients": [
      {
        "Object": "Fragrant Wisteria",
        "Count": 1,
      },
      {
        "Object": 388,
        "Count": 1,
      },
{
        "Object": -6,
        "Count": 1,
      }
    ],
    "CanPurchase": true,
    "PurchaseFrom": "Gus",
    "PurchasePrice": 1000,
    "PurchaseRequirements": null,

  }
}