{
  "Name": "Sausage",
  "Description": "A ground tube of pork and seasonings.",
  "Category": "Cooking",
  "Edibility": 50,
  "EdibleIsDrink": false,
  "EdibleBuffs": null,
  "Price": 345,
  "IsColored": false,
  "GiftTastes": {
    "Like": ["Abigail", "Alex", "Caroline", "Clint", "Demetrius", "Dwarf", "Elliott", "Evelyn", "George", "Gus", "Jodi", "Kent", "Krobus", "Lewis", "Linus", "Maru", "Pam", "Penny", "Pierre", "Robin", "Sam", "Sandy", "Shane", "Willy", "Wizard"],
	"Neutral": ["Harvey", "Vincent"],
	"Dislike": ["Emily", "Haley", "Jas", "Leah"],
	"Hate": ["Marnie", "Sebastian"],
  },
  "Recipe": {
    "ResultCount": 1,
    "Ingredients": [
      {
        "Object": "Fennel",
        "Count": 1,
      },
      {
        "Object": "Pork",
        "Count": 1,
      },
 {
        "Object": "Sage",
        "Count": 1,
      }
    ],
    "CanPurchase": true,
    "PurchaseFrom": "Gus",
    "PurchasePrice": 550,
    "PurchaseRequirements": null,
  }
}