{
  "Name": "Chocolate Covered Strawberry",
  "Description": "One step away from bliss!",
  "Category": "Cooking",
  "Edibility": 60,
  "EdibleIsDrink": false,
  "EdibleBuffs": null,
  "Price": 695,
  "IsColored": false,
  "Recipe": {
    "ResultCount": 1,
    "Ingredients": [
      {
        "Object": "Chocolate",
        "Count": 1,
      },
      {
        "Object": 400,
        "Count": 1,
      }
    ],
    "CanPurchase": true,
    "PurchaseFrom": "Gus",
    "PurchasePrice": 2695,
    "PurchaseRequirements": ["y 2",
],
  },
  "GiftTastes": {
	"Love": ["Demetrius", "Elliott", "Jodi"],
	"Like": ["Alex", "Caroline", "Clint", "Dwarf", "Emily", "Evelyn", "George", "Gus", "Harvey", "Jas", "Kent", "Leah", "Lewis", "Linus", "Marnie", "Maru", "Pam", "Penny", "Pierre", "Robin", "Sam", "Sandy", "Sebastian", "Shane", "Vincent", "Wizard"],
	"Neutral": ["Abigail", "Haley"],
	"Dislike": ["Krobus", "Willy"],
  }
}