{
  "Name": "Parsley",
  "Description": "A leafy green that is used as an accent in food presentation.",
  "Category": "Vegetable",
  "Edibility": 5,
  "Price": 45,
  "IsColored": false,
  "GiftTastes": {
    "Like": ["Gus"],
    "Neutral": ["Abigail", "Alex", "Caroline", "Clint", "Demetrius", "Dwarf", "Elliott", "Emily", "Evelyn", "George", "Haley", "Harvey",  "Jodi", "Kent", "Krobus", "Leah", "Lewis", "Linus", "Marnie", "Maru", "Pam", "Penny", "Pierre", "Robin", "Sam", "Sandy", "Sebastian", "Shane", "Willy", "Wizard"],
	"Dislike": ["Jas", "Vincent"],
  },
  "Recipe": null,
}