{
  "Name": "Tea Leaf",
  "Description": "Sweet smelling leaves cut from a tea bush. It can be steeped in water to make various flavors of tea.",
  "Category": "Vegetable",
  "Edibility": -300,
  "Price": 45,
  "IsColored": false,
  "GiftTastes": {
    "Like": ["Alex", "Caroline", "Clint", "Demetrius", "Dwarf", "Elliott", "Emily", "Evelyn", "George", "Gus", "Harvey", "Jodi", "Kent", "Krobus", "Leah", "Lewis", "Linus", "Marnie", "Maru", "Pam", "Penny", "Pierre", "Robin", "Sandy", "Sebastian", "Shane", "Willy", "Wizard"],
	"Dislike": ["Abigail", "Haley", "Jas", "Sam", "Vincent"],
  },
  "Recipe": null,
}