{
  "Name": "Sugar Beet",
  "Description": "This tuber has a high concentration of sucrose. It is good for processing into sugar!",
  "Category": "Vegetable",
  "Edibility": 8,
  "Price": 180,
  "IsColored": false,
  "GiftTastes": {
	"Love": ["Evelyn"],
    "Like": ["Alex", "Caroline", "Clint", "Demetrius", "Dwarf", "Elliott", "Emily", "George", "Gus", "Harvey",  "Jodi", "Kent", "Krobus", "Leah", "Lewis", "Linus", "Marnie", "Maru", "Pam", "Penny", "Pierre", "Robin", "Sandy", "Sebastian", "Shane", "Willy", "Wizard"],
	"Dislike": ["Abigail", "Haley", "Jas", "Sam", "Vincent"],
  },
  "Recipe": null,
}