{
  "Name": "Pecan Butter",
  "Description": "A hearty butter with a thick texture.",
  "Category": "ArtisanGoods",
  "Edibility": 18,
  "Price": 175,
  "IsColored": false,
  "Recipe": null,
"GiftTastes": {
	"Love": ["Leah"],
    "Like": ["Abigail", "Alex", "Caroline", "Clint", "Demetrius", "Dwarf", "Elliott", "Emily", "Evelyn", "George", "Gus",  "Haley", "Harvey", "Jas", "Jodi", "Kent", "Krobus", "Lewis", "Linus", "Marnie", "Maru", "Pam", "Penny", "Pierre","Robin", "Sam", "Sandy", "Sebastian", "Shane", "Vincent", "Willy", "Wizard"],
  }
}