{
  "Name": "Cranberry Pomegranate Tea",
  "Description": "Rich in antioxidants and other goodies.",
  "Category": "Cooking",
  "Edibility": 56,
  "EdibleIsDrink": true,
  "EdibleBuffs": {
    "Farming": 0,
    "Fishing": 0,
    "Mining": 0,
    "Luck": 0,
	"Foraging": 0,
	"MaxStamina": 0,
    "MagnetRadius": 0,
	"Speed": 0,
	"Defense": 2,
	"Attack": 0,
    "Duration": 300,
  },
  "Price": 600,
  "IsColored": false,
  "Recipe": {
    "ResultCount": 1,
    "Ingredients": [
      {
        "Object": "Tea Leaf",
        "Count": 2,
      },
      {
        "Object": 637,
        "Count": 2,
      },
 {
        "Object": 282,
        "Count": 1,
      }
    ],
       "CanPurchase": true,
    "PurchaseFrom": "Gus",
    "PurchasePrice": 1600,
    "PurchaseRequirements": [
     "z spring summer winter",
    ]
  },
  "GiftTastes": {
	"Like": ["Abigail", "Alex", "Caroline", "Clint", "Demetrius", "Dwarf", "Elliott", "Emily", "Evelyn", "George", "Gus", "Haley", "Harvey", "Jas", "Jodi", "Kent", "Leah", "Lewis", "Linus", "Marnie", "Maru", "Pam", "Penny", "Pierre", "Robin", "Sam", "Sandy", "Sebastian", "Shane", "Vincent", "Wizard"],
	"Dislike": ["Krobus", "Willy"],
  }
}