{
  "Name": "Clary Sage",
  "Description": "Beautiful purple-pink inflorescences that produce a euphoric scent.",
  "Category": "Flower",
  "Edibility": 18,
  "Price": 130,
  "IsColored": true,
  "Recipe": null,
  "GiftTastes": {
	"Love": ["Wizard"],
    "Like": ["Abigail", "Alex", "Caroline", "Clint", "Demetrius", "Dwarf", "Elliott", "Emily", "Evelyn", "George", "Gus", "Haley", "Harvey", "Jas", "Jodi", "Kent", "Krobus", "Leah", "Lewis", "Linus", "Marnie", "Maru", "Pam", "Penny", "Pierre", "Robin", "Sam", "Sandy", "Sebastian", "Shane", "Vincent", "Willy"],
  },
}