{
    "Name": "Peanut",
    "Product": "Peanut",
    "SeedName": "Peanut Seeds",
    "SeedDescription": "Plant these in the fall. Takes 6 days to mature.",
    "Type": "Vegetable",

    "Seasons": ["fall"],
    "Phases": [ 1, 2, 1, 2 ],
    "RegrowthPhase": -1,
    "HarvestWithScythe": false,
    "TrellisCrop": false,
    "Colors": null,
    "Bonus": {
        "MinimumPerHarvest": 1,
        "MaximumPerHarvest": 3,
        "MaxIncreasePerFarmLevel": 5,
        "ExtraChance": 0.3,
    },

    "SeedPurchasePrice": 60,
"SeedPurchaseRequirements": [
"y 2",
],

}
