{
  "Name": "Pink Cat",
  "Description": "This flower has a minty scent to it.",
  "Category": "Flower",
  "Edibility": 18,
  "Price": 35,
  "IsColored": false,
  "Recipe": null,
  "GiftTastes": {
	"Love": ["Haley", "Jas"],
    "Like": ["Abigail", "Alex", "Caroline", "Clint", "Demetrius", "Dwarf", "Elliott", "Emily", "Evelyn", "George", "Gus", "Harvey", "Jodi", "Kent", "Krobus", "Leah", "Lewis", "Linus", "Marnie", "Maru", "Pam", "Penny", "Pierre", "Robin", "Sam", "Sandy", "Sebastian", "Shane", "Vincent", "Willy", "Wizard"],
  },
}