{
  "Name": "Navy Bean",
  "Description": "A handful of beans.",
  "Category": "Vegetable",
  "Edibility": 12,
  "Price": 75,
  "IsColored": false,
  "GiftTastes": {
    "Like": ["Alex", "Caroline", "Clint", "Demetrius", "Dwarf", "Emily", "Evelyn", "George", "Gus", "Harvey", "Jodi", "Kent", "Krobus", "Leah", "Lewis", "Linus", "Marnie", "Maru", "Pam", "Penny", "Pierre", "Robin", "Sandy","Sebastian", "Shane", "Willy", "Wizard"],
	"Dislike": ["Abigail", "Elliott", "Haley", "Jas", "Sam", "Vincent"],
  },
  "Recipe": null,
}