{
  "Name": "Marshmallow Fluff",
  "Description": "It's light and fluffy!",
  "Category": "ArtisanGoods",
  "Edibility": 5,
  "Price": 30,
  "IsColored": false,
  "Recipe": null,
  "CanPurchase": true,
    "PurchaseFrom": "Gus",
    "PurchasePrice": 50,
    "PurchaseRequirements": null,
	"GiftTastes": {
	"Like": ["Abigail", "Alex", "Caroline", "Clint", "Demetrius", "Dwarf", "Elliott", "Emily", "Evelyn", "George", "Gus", "Haley", "Harvey", "Jas", "Jodi", "Kent", "Leah", "Lewis", "Linus", "Marnie", "Maru", "Pam", "Penny", "Pierre", "Robin", "Sam", "Sandy", "Sebastian", "Shane", "Vincent", "Wizard"],
	"Dislike": ["Krobus", "Willy"],
  }
}