{
    "Name": "Ginger",
    "Product": "Ginger",
    "SeedName": "Ginger Seeds",
    "SeedDescription": "Plant these in fall. Takes 7 days to mature.",
    "Type": "Vegetable",

    "Seasons": ["fall"],
    "Phases": [ 1, 2, 2, 2 ],
    "RegrowthPhase": -1,
    "HarvestWithScythe": false,
    "TrellisCrop": false,
    "Colors": null,
    "Bonus": {
        "MinimumPerHarvest": 1,
        "MaximumPerHarvest": 1,
        "MaxIncreasePerFarmLevel": 5,
        "ExtraChance": 0.0,
    },
"SeedPurchaseFrom": "Sandy",
    "SeedPurchasePrice": 50,

}
