{
  "Name": "Deviled Eggs",
  "Description": "Get thee into my mouth, Satan.",
  "Category": "Cooking",
  "Edibility": 28,
  "EdibleIsDrink": false,
  "EdibleBuffs": null,
  "Price": 320,
  "IsColored": false,
  "GiftTastes": {
    "Like": ["Alex", "Caroline", "Clint", "Demetrius", "Elliott", "Emily", "Evelyn", "George", "Gus", "Harvey", "Jodi", "Kent", "Krobus", "Leah", "Lewis", "Linus", "Marnie", "Maru", "Penny", "Pierre","Robin", "Sam", "Sandy", "Shane", "Willy"],
	"Dislike": ["Abigail", "Dwarf", "Haley", "Jas", "Pam", "Vincent", "Wizard"],
	"Hate": ["Sebastian"],
  },
  "Recipe": {
    "ResultCount": 1,
    "Ingredients": [
      {
        "Object": -5,
        "Count": 2,
      },
      {
        "Object": 306,
        "Count": 1,
      },
{
        "Object": "Paprika",
        "Count": 1,
      }
    ],
     "CanPurchase": true,
    "PurchaseFrom": "Gus",
    "PurchasePrice": 450,
    "PurchaseRequirements": ["f Pierre 750",
],
  }
}