{
  "Name": "Ginger Ale",
  "Description": "A light beverage often used to settle stomach aches.",
  "Category": "ArtisanGoods",
  "Edibility": 14,
 "EdibleIsDrink": true,
  "Price": 200,
  "IsColored": false,
  "Recipe": null,
  "GiftTastes": {
	"Love": ["Evelyn", "George", "Harvey"],
	"Like": ["Abigail", "Alex", "Caroline", "Clint", "Demetrius", "Dwarf", "Elliott", "Emily", "Gus", "Jodi", "Kent", "Krobus", "Leah", "Lewis", "Linus", "Marnie", "Maru", "Pam", "Penny", "Pierre", "Robin", "Sam", "Sandy", "Sebastian", "Shane", "Willy", "Wizard"],
	"Dislike": ["Haley", "Jas", "Vincent", ],
  }
}