{
  "Name": "Chicken and Spinach Crepe",
  "Description": "A savory crepe, filled with chicken and spinach.",
  "Category": "Cooking",
  "Edibility": 127,
  "EdibleIsDrink": false,
  "EdibleBuffs": null,
  "Price": 495,
  "IsColored": false,
  "GiftTastes": {
	"Love": ["George"],
    "Like": ["Alex", "Caroline", "Clint", "Demetrius", "Dwarf", "Elliott", "Evelyn", "Gus", "Harvey", "Jodi", "Kent", "Krobus", "Lewis", "Linus", "Maru", "Pam", "Penny", "Pierre", "Robin", "Sandy", "Willy", "Wizard"],
	"Neutral": ["Emily", "Marnie", "Leah", "Shane"],
	"Dislike": ["Abigail", "Haley", "Jas", "Sam", "Vincent"],
	"Hate": ["Sebastian"],
  },
  "Recipe": {
    "ResultCount": 1,
    "Ingredients": [
      {
        "Object": "Chicken",
        "Count": 1,
      },
      {
        "Object": "Spinach",
        "Count": 1,
      },
{
        "Object": -5,
        "Count": 1,
      },
{
        "Object": 246,
        "Count": 1,
      },
 {
        "Object": 424,
        "Count": 1,
      },
    ],
    "CanPurchase": true,
    "PurchaseFrom": "Gus",
    "PurchasePrice": 2495,
    "PurchaseRequirements": null,
  }
}