{
  "Name": "Cucumber",
  "Description": "A delicious and watery snack.",
  "Category": "Vegetable",
  "Edibility": 20,
  "Price": 90,
  "IsColored": false,
  "GiftTastes": {
    "Like": ["Alex", "Caroline", "Clint", "Demetrius", "Dwarf", "Elliott", "Emily", "Evelyn", "George", "Gus", "Harvey", "Jodi", "Kent", "Krobus", "Leah", "Lewis", "Linus", "Marnie", "Pam", "Penny", "Pierre", "Robin", "Sandy", "Sebastian", "Shane", "Willy"],
	"Dislike": ["Abigail", "Haley", "Jas", "Maru", "Sam", "Vincent", "Wizard"],
  },
  "Recipe": null,
}