{
  "Name": "Cassava",
  "Description": "A hardy tuber from tropical climates, it has a woody flavor.",
  "Category": "Vegetable",
  "Edibility": -300,
  "Price": 80,
  "IsColored": false,
    "GiftTastes": {
	"Like": ["Alex", "Caroline", "Clint", "Demetrius", "Dwarf", "Elliott", "Emily", "Evelyn", "George", "Gus", "Harvey", "Jodi", "Kent", "Krobus", "Leah", "Lewis", "Linus", "Marnie", "Maru", "Pam", "Penny", "Pierre", "Robin", "Sandy", "Sebastian", "Shane", "Willy", "Wizard"],
	"Dislike": ["Abigail", "Haley", "Jas", "Sam", "Vincent"],
  },
  "Recipe": null,
}