{
  "Name": "Prismatic Ice Cream",
  "Description": "It's said to bring great fortune to those who taste it.",
  "Category": "ArtisanGoods",
  "Edibility": 82,
  "EdibleBuffs": {
    "Farming": 0,
    "Fishing": 0,
    "Mining": 0,
    "Luck": 3,
	"Foraging": 0,
	"MaxStamina": 0,
    "MagnetRadius": 0,
	"Speed": -2,
	"Defense": 0,
	"Attack": 0,
    "Duration": 180,
  },
  "Price": 3600,
  "IsColored": false,
  "Recipe": null,
   "GiftTastes":
    {
        "Love": ["Demetrius", "Jas", "Vincent"],
        "Like": ["Abigial", "Alex", "Caroline", "Clint", "Dwarf", "Elliott", "Evelyn", "Gus", "George", "Harvey", "Jodi", "Kent", "Lewis", "Linus", "Marnie", "Maru", "Pam", "Penny", "Pierre", "Robin", "Sam", "Sandy", "Shane", "Wizard", ],
        "Dislike": ["Emily", "Leah", "Krobus", "Sebastian", "Willy"],
        "Hate": ["Haley"]
    }
}