{
  "Name": "Mint Chip Ice Cream",
  "Description": "Complete with bits of handmade chocolate.",
  "Category": "ArtisanGoods",
  "Edibility": 52,
  "Price": 200,
  "IsColored": false,
  "Recipe": null,
   "GiftTastes":
    {
        "Love": ["Vincent", "Jas", "Haley", "Demetrius"],
        "Like": ["Evelyn", "Caroline", "Jodi", "Linus", "Penny", "Sandy", "Clint", "George", "Abigial", "Alex", "Dwarf", "Elliott", "Gus", "Harvey", "Kent", "Lewis", "Maru", "Pam", "Pierre", "Robin", "Sam", "Sebastian", "Shane", "Wizard", "Marnie"],
        "Dislike": ["Emily", "Leah", "Krobus", "Willy"]
    }
}