{
  "Name": "Blue Mist Kombucha",
  "Description": "Made from freshly picked Blue Mist flowers.",
  "Category": "ArtisanGoods",
  "Edibility": 26,
  "EdibleIsDrink": true,
  "Price": 890,
  "IsColored": false,
  "GiftTastes": {
	"Love": ["Caroline"],
	"Like": ["Abigail", "Alex", "Demetrius", "Dwarf", "Elliott", "Emily", "Evelyn", "Gus", "Haley", "Harvey", "Jas", "Jodi", "Kent", "Krobus", "Leah", "Lewis", "Linus", "Marnie", "Maru", "Pam", "Penny", "Pierre", "Robin", "Sam", "Sandy", "Sebastian", "Shane", "Vincent", "Willy", "Wizard"],
	"Dislike": ["Clint", "George"],
  },
  "Recipe": null,
}
