{
    "Name": "Fairy_Duster",
    "Product": "Fairy Duster",
    "SeedName": "Fairy Duster Pod",
    "SeedDescription": "Plant in fall. Takes 7 days to produce a fluffy, bright flower.",
    "Type": "Flower",

    "Seasons": ["fall"],
    "Phases": [ 1, 2, 3, 1 ],
    "RegrowthPhase": -1,
    "HarvestWithScythe": false,
    "TrellisCrop": false,
    "Colors": [
    "255, 72, 176, 255",
    "255, 31, 31, 255",
    "255, 127, 255, 255"
    ],
    "Bonus": {
        "MinimumPerHarvest": 1,
        "MaximumPerHarvest": 1,
        "MaxIncreasePerFarmLevel": 5,
        "ExtraChance": 0.0,
    },
"SeedPurchaseFrom": "Sandy",
    "SeedPurchasePrice": 30,

}
