{
  "Name": "Handmade Soap",
  "Description": "A scented bar of artisanal soap.",
  "Category": "ArtisanGoods",
  "Edibility": -300,
  "Price": 200,
  "IsColored": false,
  "Recipe": null,
 "GiftTastes":
    {
        "Love": ["Emily", "Sandy"],
        "Like": ["Evelyn", "Caroline", "Jodi", "Linus", "Penny", "Marnie", "Leah", "Robin"],
        "Neutral": ["Clint", "George", "Sebastian", "Abigial", "Alex", "Demetrius", "Dwarf", "Elliott", "Gus", "Haley", "Harvey", "Jas", "Kent", "Krobus", "Lewis", "Maru", "Pam", "Pierre", "Sam", "Shane", "Vincent", "Willy", "Wizard"],
    }
}