{
  "Name": "Blueberry Creme Popsicle",
  "Description": "Blueberries and creme make for an excellent summer day treat.",
  "Category": "Cooking",
  "Edibility": 44,
  "EdibleIsDrink": false,
  "EdibleBuffs": null,
  "Price": 500,
  "IsColored": false,
    "GiftTastes": {
    "Love": ["Demetrius"],
	"Like": ["Abigail", "Alex", "Caroline", "Clint", "Dwarf", "Elliott", "Evelyn", "George", "Gus", "Haley", "Harvey", "Jas", "Jodi", "Kent", "Lewis", "Linus", "Marnie", "Maru", "Pam", "Penny", "Pierre", "Robin", "Sam", "Sandy", "Sebastian", "Shane", "Vincent", "Wizard"],
	"Dislike": ["Emily", "Krobus", "Leah", "Willy"],
	},
  "Recipe": {
    "ResultCount": 1,
    "Ingredients": [
      {
        "Object": 258,
        "Count": 1,
      },
      {
        "Object": -6,
        "Count": 1,
      },
      {
        "Object": 388,
        "Count": 1,
      }
    ],
    "CanPurchase": true,
    "PurchaseFrom": "Gus",
    "PurchasePrice": 900,
    "PurchaseRequirements": null,

  }
}