{
  "Name": "Strawberry Cake",
  "Description": "A delicious summer treat!",
  "Category": "Cooking",
  "Edibility": 82,
  "EdibleIsDrink": false,
  "EdibleBuffs": null,
  "Price": 600,
  "IsColored": false,
  "GiftTastes": {
    "Like": ["Alex", "Caroline", "Clint", "Demetrius", "Dwarf", "Elliott", "Emily", "Evelyn", "George", "Gus", "Harvey", "Jodi", "Kent", "Leah", "Lewis", "Linus", "Marnie", "Maru", "Pam", "Penny", "Pierre", "Robin", "Sam", "Sandy", "Sebastian", "Shane", "Wizard"],
	"Neutral": ["Abigail", "Haley", "Jas", "Vincent"],
	"Dislike": ["Krobus", "Willy"],
  },
  "Recipe": {
    "ResultCount": 1,
    "Ingredients": [
      {
        "Object": 400,
        "Count": 2,
      },
{
        "Object": 246,
        "Count": 1,
      },
{
        "Object": 245,
        "Count": 1,
      },
{
        "Object": -6,
        "Count": 1,
      }
    ],
    "CanPurchase": true,
    "PurchaseFrom": "Gus",
    "PurchasePrice": 2600,
    "PurchaseRequirements": [
      "z spring fall winter",]
  }
}