{
  "Name": "Fennel",
  "Description": "A food plant that can be eaten as a vegetable!",
  "Category": "Vegetable",
  "Edibility": 5,
  "Price": 35,
  "IsColored": false,
  "GiftTastes": {
    "Like": ["Alex", "Clint", "Demetrius", "Dwarf", "Elliott", "Emily", "Evelyn", "George", "Gus", "Harvey", "Jodi", "Kent", "Krobus", "Leah", "Lewis", "Linus", "Marnie", "Maru", "Pam", "Penny", "Pierre", "Robin", "Sandy", "Shane", "Willy", "Wizard"],
	"Dislike": ["Abigail", "Caroline", "Haley", "Jas", "Sam", "Sebastian", "Vincent"],
  },
  "Recipe": null,
}