{
    "Name": "Sugar Beet",
    "Product": "Sugar Beet",
    "SeedName": "Sugar Beet Seeds",
    "SeedDescription": "Plant these in spring. Takes 8 days to mature.",
    "Type": "Vegetable",

    "Seasons": ["spring"],
    "Phases": [ 1, 1, 2, 3, 1 ],
    "RegrowthPhase": -1,
    "HarvestWithScythe": false,
    "TrellisCrop": false,
    "Colors": null,
    "Bonus": {
        "MinimumPerHarvest": 1,
        "MaximumPerHarvest": 1,
        "MaxIncreasePerFarmLevel": 5,
        "ExtraChance": 0.0,
    },
    "SeedPurchasePrice": 100,
"SeedPurchaseRequirements": ["y 2",
],
}