{
    "Name": "Rice",
    "Product": "Unpolished Rice",
    "SeedName": "Rice Seeds",
    "SeedDescription": "Plant these in spring, summer, or fall. Takes 5 days to mature, and continues to produce after the first harvest. Harvest with a scythe.",
    "Type": "Vegetable",

    "Seasons": ["spring", "summer", "fall"],
    "Phases": [ 1, 1, 1, 1, 1, ],
    "RegrowthPhase": 2,
    "HarvestWithScythe": true,
    "TrellisCrop": true,
    "Colors": null,
    "Bonus": {
        "MinimumPerHarvest": 3,
        "MaximumPerHarvest": 5,
        "MaxIncreasePerFarmLevel": 5,
        "ExtraChance": 0.2,
    },

    "SeedPurchasePrice": 50,
    "SeedPurchaseRequirements": [
    "z fall winter",
],
   
}
