{
  "Name": "Earl Grey Tea",
  "Description": "Tea. Earl Grey. Hot.",
  "Category": "Cooking",
  "Edibility": 20,
  "EdibleIsDrink": true,
  "EdibleBuffs": null,
  "Price": 380,
  "IsColored": false,
  "Recipe": {
    "ResultCount": 1,
    "Ingredients": [
      {
        "Object": "Tea Leaf",
        "Count": 4,
       },
{
        "Object": "Lemon",
        "Count": 1,
       }
    ],
      "CanPurchase": true,
    "PurchaseFrom": "Gus",
    "PurchasePrice": 1380,
    "PurchaseRequirements": null,
  },
  "GiftTastes": {
	"Love": ["Gus"],
	"Like": ["Abigail", "Alex", "Caroline", "Clint", "Demetrius", "Dwarf", "Elliott", "Emily", "Evelyn", "George", "Haley", "Harvey", "Jodi", "Kent", "Krobus", "Leah", "Lewis", "Linus", "Marnie", "Maru", "Pam", "Penny", "Pierre", "Robin", "Sam", "Sandy", "Sebastian", "Shane", "Willy", "Wizard"],
	"Neutral": ["Jas", "Vincent"],
  }
}