{
    "Name": "Iridium_Fern",
    "Product": 386,
    "SeedName": "Iridium Seeds",
    "SeedDescription": "Plant these in winter. Takes 24 days to mature.",
    "Type": "Mineral",

    "Seasons": ["winter"],
    "Phases": [ 3, 4, 6, 6, 5],
    "RegrowthPhase": -1,
    "HarvestWithScythe": false,
    "TrellisCrop": false,
    "Colors": null,
    "Bonus": {
        "MinimumPerHarvest": 2,
        "MaximumPerHarvest": 3,
        "MaxIncreasePerFarmLevel": 5,
        "ExtraChance": 0.2,
    },
"SeedPurchaseFrom": "Krobus",
  "SeedPurchasePrice": 400,

}
