{
  "Name": "Chewing Gum",
  "Description": "The worldwide phenomenon.",
  "Category": "ArtisanGoods",
  "Edibility": -300,
  "Price": 200,
  "IsColored": false,
  "Recipe": null,
 "CanPurchase": true,
    "PurchaseFrom": "Pierre",
    "PurchasePrice": 200,
    "PurchaseRequirements": null,
     "GiftTastes":
    {
        "Love": ["Vincent"],
        "Like": ["Jas"],
        "Neutral": ["Evelyn", "Caroline", "Jodi", "Linus", "Penny", "Emily", "Sandy", "Clint", "George", "Sebastian", "Abigial", "Alex", "Demetrius", "Dwarf", "Elliott", "Gus", "Haley", "Harvey", "Kent", "Krobus", "Leah", "Lewis", "Maru", "Pam", "Pierre", "Robin", "Sam", "Shane", "Willy", "Wizard", "Marnie"],
    }
}