{
  "Name": "Coconut Oil",
  "Description": "A multi-purpose oil used in cooking and household products. Solid at room temperature.",
  "Category": "ArtisanGoods",
  "Edibility": -300,
  "Price": 225,
  "IsColored": false,
  "Recipe": null,
"GiftTastes":
    {
        "Like": ["Haley", "Linus"],
        "Neutral": ["Demetrius", "Elliott", "Harvey", "Jas", "Jodi", "Kent", "Leah", "Lewis", "Pam", "Robin", "Sandy", "Shane", "Vincent"],
        "Dislike": ["Alex", "Caroline", "Clint", "Emily", "Evelyn", "George", "Gus", "Krobus", "Marnie", "Maru", "Penny", "Pierre", "Sam", "Sebastian", "Willy", "Wizard"],
		"Hate": ["Abigail", "Dwarf"]
    }
}