{
    "Name": "Sugar_Cane",
    "Product": "Sugar Cane",
    "SeedName": "Sugar Cane Seeds",
    "SeedDescription": "Plant these in summer. Takes 10 days to mature. Harvest with a scythe.",
    "Type": "Vegetable",

    "Seasons": ["summer"],
    "Phases": [ 1, 2, 3, 2, 2 ],
    "RegrowthPhase": -1,
    "HarvestWithScythe": true,
    "TrellisCrop": false,
    "Colors": null,
    "Bonus": {
        "MinimumPerHarvest": 1,
        "MaximumPerHarvest": 1,
        "MaxIncreasePerFarmLevel": 5,
        "ExtraChance": 0.0,
    },
"SeedPurchaseFrom": "Sandy",
    "SeedPurchasePrice": 110,

}
