{
  "Name": "Brown Gravy",
  "Description": "A savory gravy.",
  "Category": "Cooking",
  "Edibility": 75,
  "EdibleIsDrink": false,
  "EdibleBuffs": null,
  "Price": 775,
  "IsColored": false,
  "GiftTastes": {
    "Neutral": ["Abigail", "Alex", "Caroline", "Clint", "Demetrius", "Dwarf", "Elliott", "Evelyn", "George", "Gus", "Haley", "Harvey", "Jodi", "Kent", "Krobus", "Lewis", "Linus", "Maru", "Pam", "Penny", "Pierre", "Robin", "Sandy", "Shane", "Willy", "Wizard"],
	"Dislike": ["Emily", "Jas", "Leah", "Marnie", "Sam", "Vincent"],
	"Hate": ["Sebastian"],
  },
  "Recipe": {
    "ResultCount": 1,
    "Ingredients": [
      {
        "Object": 246,
        "Count": 1,
      },
      {
        "Object": 247,
        "Count": 1,
      },
      {
        "Object": "Beef Stock",
        "Count": 1,
      }
    ],
    "CanPurchase": true,
    "PurchaseFrom": "Gus",
    "PurchasePrice": 2775,
    "PurchaseRequirements": ["y 2",
],
  }
}