{
  "Name": "Peanut",
  "Description": "A slightly salty nut that can be churned into peanut butter.",
  "Category": "Vegetable",
  "Edibility": 8,
  "Price": 75,
  "IsColored": false,
  "GiftTastes": {
	"Love": ["Harvey", "Kent", "Leah", "Linus"],
    "Like": ["Abigail", "Alex", "Caroline", "Clint", "Demetrius", "Dwarf", "Elliott", "Emily", "Evelyn", "George", "Gus",  "Haley", "Jas", "Jodi", "Lewis", "Marnie", "Maru", "Pam", "Penny", "Pierre", "Robin", "Sam", "Sandy", "Sebastian", "Shane", "Vincent", "Wizard"],
	"Dislike": ["Krobus", "Willy"],
  },
  "Recipe": null,
}