{
  "Name": "Mushroom and Pepper Crepe",
  "Description": "A savory and slightly spicy crepe.",
  "Category": "Cooking",
  "Edibility": 102,
  "EdibleIsDrink": false,
  "EdibleBuffs": null,
  "Price": 510,
  "IsColored": false,
  "GiftTastes": {
    "Like": ["Alex", "Caroline", "Clint", "Demetrius", "Dwarf", "Elliott", "Emily", "Evelyn", "George", "Gus", "Harvey", "Jodi", "Kent", "Krobus", "Leah", "Lewis", "Linus", "Marnie", "Maru", "Pam", "Penny", "Pierre", "Robin", "Sandy", "Shane", "Willy", "Wizard"],
	"Dislike": ["Abigail", "Haley", "Jas", "Sam", "Sebastian", "Vincent"],
  },
  "Recipe": {
    "ResultCount": 1,
    "Ingredients": [
      {
        "Object": 404,
        "Count": 1,
      },
      {
        "Object": 424,
        "Count": 1,
      },
{
        "Object": 246,
        "Count": 1,
      },
{
        "Object": -6,
        "Count": 1,
      },
  {
        "Object": "Bell Pepper",
        "Count": 1,
      }
    ],
    "CanPurchase": true,
    "PurchaseFrom": "Gus",
    "PurchasePrice": 2510,
    "PurchaseRequirements": null,
  }
}