{
  "Name": "Pulque",
  "Description": "A fermented beverage made from maguey. Drink in moderation.",
  "Category": "ArtisanGoods",
  "Edibility": 14,
 "EdibleIsDrink": true,
  "EdibleBuffs": {
    "Farming": 0,
    "Fishing": 0,
    "Mining": 0,
    "Luck": 0,
	"Foraging": 0,
	"MaxStamina": 0,
    "MagnetRadius": 0,
	"Speed": -2,
	"Defense": 0,
	"Attack": 0,
    "Duration": 180,
  },
  "Price": 300,
  "IsColored": false,
  "Recipe": null,
 "CanPurchase": true,
    "PurchaseFrom": "Gus",
    "PurchasePrice": 300,
    "PurchaseRequirements": null,
    "GiftTastes":
    {
        "Love": ["Pam", "Shane"],
        "Like": ["Gus"],
        "Neutral": ["Marnie", "Clint", "George", "Sebastian", "Abigial", "Alex", "Caroline", "Demetrius", "Dwarf", "Elliott", "Emily", "Evelyn", "Haley", "Harvey", "Jodi", "Kent", "Krobus", "Leah", "Lewis", "Linus", "Maru", "Pierre", "Robin", "Sam", "Sandy", "Willy", "Wizard"],
        "Dislike": ["Penny"],
        "Hate": ["Vincent", "Jas"]
    }
}