{
  "Name": "Barley Tea",
  "Description": "Also known as mugicha.",
  "Category": "Cooking",
  "Edibility": 21,
  "EdibleIsDrink": true,
 "EdibleBuffs": null,
  "Price": 325,
  "IsColored": false,
  "Recipe": {
    "ResultCount": 1,
    "Ingredients": [
      {
        "Object": "Barley",
        "Count": 2,
      }
    ],
    "CanPurchase": true,
    "PurchaseFrom": "Gus",
    "PurchasePrice": 1325,
    "PurchaseRequirements": [
      "z spring fall winter",
"y 2",
    ]
  },
  "GiftTastes": {
	"Like": ["Abigail", "Caroline", "Demetrius", "Dwarf", "Elliott", "Emily", "Evelyn", "George", "Gus", "Harvey", "Jodi", "Kent", "Krobus", "Leah", "Lewis", "Linus", "Marnie", "Maru", "Penny", "Pierre", "Robin", "Sandy", "Sebastian", "Shane", "Willy", "Wizard"],
	"Neutral": ["Alex", "Clint", "Haley", "Sam"],
	"Dislike": ["Jas", "Pam", "Vincent"],
  }
}