{
    "Name": "Tea",
    "Product": "Tea Leaf",
    "SeedName": "Tea Seeds",
    "SeedDescription": "Plant these in spring, summer, or fall. Takes 14 days to mature, and continues to produce after the first harvest.",
    "Type": "Vegetable",

    "Seasons": ["spring", "summer", "fall"],
    "Phases": [ 1, 2, 3, 4, 4, ],
    "RegrowthPhase": 5,
    "HarvestWithScythe": false,
    "TrellisCrop": false,
    "Colors": null,
    "Bonus": {
        "MinimumPerHarvest": 2,
        "MaximumPerHarvest": 2,
        "MaxIncreasePerFarmLevel": 5,
        "ExtraChance": 0.0,
    },

    "SeedPurchasePrice": 150,
    "SeedPurchaseRequirements": [
    	"z fall winter",
],
}
