{
  "Name": "Smores",
  "Description": "Because you always want additional ones.",
  "Category": "Cooking",
  "Edibility": 80,
  "EdibleIsDrink": false,
  "EdibleBuffs": null,
  "Price": 80,
  "IsColored": false,
  "GiftTastes": {
	"Love": ["Abigail"],
    "Like": ["Alex", "Caroline", "Clint", "Demetrius", "Dwarf", "Elliott", "Emily", "Evelyn", "George", "Gus", "Haley", "Harvey", "Jas", "Jodi", "Kent", "Leah", "Lewis", "Linus", "Marnie", "Maru", "Pam", "Penny", "Pierre", "Robin", "Sam", "Sandy", "Sebastian", "Shane", "Vincent", "Wizard"],
	"Dislike": ["Krobus", "Willy", ],
  },
  "Recipe": {
    "ResultCount": 1,
    "Ingredients": [
      {
        "Object": "Graham Crackers",
        "Count": 2,
       },
{
        "Object": "Marshmallow Fluff",
        "Count": 1,
       },
{
        "Object": "Chocolate",
        "Count": 1,
       }
    ],
    "CanPurchase": true,
    "PurchaseFrom": "Gus",
    "PurchasePrice": 450,
    "PurchaseRequirements": ["y 2",
],

  }
}