{
    "Name": "Gooseberry",
    "Product": "Gooseberry",
    "SeedName": "Gooseberry Seeds",
    "SeedDescription": "Plant these in summer. Takes 13 days to mature, and keeps producing after the first harvest.",
    "Type": "Fruit",

    "Seasons": ["summer"],
    "Phases": [ 1, 2, 3, 4, 3, ],
    "RegrowthPhase": 3,
    "HarvestWithScythe": false,
    "TrellisCrop": false,
    "Colors": null,
    "Bonus": {
        "MinimumPerHarvest": 3,
        "MaximumPerHarvest": 5,
        "MaxIncreasePerFarmLevel": 5,
        "ExtraChance": 0.2,
    },

    "SeedPurchasePrice": 80,
"SeedPurchaseRequirements": [
"y 2",
],

}
