{
  "Name": "Seaweed Chips",
  "Description": "They taste like the ocean.",
  "Category": "Cooking",
  "Edibility": 12,
  "EdibleIsDrink": false,
  "EdibleBuffs": null,
  "Price": 250,
  "IsColored": false,
  "GiftTastes": {
    "Like": ["Alex", "Caroline", "Clint", "Demetrius", "Dwarf", "Elliott", "Emily", "Evelyn", "George", "Gus", "Harvey", "Jodi", "Kent", "Krobus", "Leah", "Lewis", "Linus", "Marnie", "Maru", "Pam", "Penny", "Pierre", "Robin", "Sandy", "Sebastian", "Shane", "Willy", "Wizard"],
	"Dislike": ["Abigail", "Haley", "Jas", "Sam", "Vincent"],
  },
  "Recipe": {
    "ResultCount": 1,
    "Ingredients": [
      {
        "Object": 192,
        "Count": 1,
      },
      {
        "Object": 152,
        "Count": 1,
      }
    ],
    "CanPurchase": true,
    "PurchaseFrom": "Willy",
    "PurchasePrice": 1250,
    "PurchaseRequirements": ["f Willy 1250",
],
  }
}