{
  "Name": "Shrimp Cocktail",
  "Description": "This shrimp cocktail recipe will kick off any party�just don't forget the cocktail sauce.",
  "Category": "Cooking",
  "Edibility": 52,
  "EdibleIsDrink": false,
  "EdibleBuffs": null,
  "Price": 425,
  "IsColored": false,
  "GiftTastes": {
	"Love": ["Elliott"],
    "Like": ["Alex", "Caroline", "Clint", "Demetrius", "Dwarf", "Emily", "George", "Gus", "Harvey","Jodi", "Kent", "Krobus", "Leah", "Lewis", "Linus", "Marnie", "Maru", "Pam", "Penny", "Pierre", "Robin", "Sandy", "Sebastian", "Shane", "Willy", "Wizard"],
	"Dislike": ["Abigail", "Haley",  "Jas", "Sam", "Vincent"],
	"Hate": ["Evelyn"],
  },
  "Recipe": {
    "ResultCount": 1,
    "Ingredients": [
      {
        "Object": "Carrot",
        "Count": 2,
      },
      {
        "Object": "Celery",
        "Count": 1,
      },
      {
        "Object": "Onion",
        "Count": 1,
      },
      {
        "Object": 248,
        "Count": 1,
      },
{
        "Object": 720,
        "Count": 5,
      }
    ],
    "CanPurchase": true,
    "PurchaseFrom": "Willy",
    "PurchasePrice": 650,
    "PurchaseRequirements": [
      "r 0.75",
    ]
  }
}