{
    "Name": "Navy Bean",
    "Product": "Navy Bean",
    "SeedName": "Navy Bean Seeds",
    "SeedDescription": "Plant these in summer. Takes 10 days to mature, and continues to produce every 3 days. Grows on a trellis.",
    "Type": "Vegetable",

    "Seasons": ["summer"],
    "Phases": [ 1, 2, 3, 2, 2, ],
    "RegrowthPhase": 3,
    "HarvestWithScythe": false,
    "TrellisCrop": true,
    "Colors": null,
    "Bonus": {
        "MinimumPerHarvest": 3,
        "MaximumPerHarvest": 5,
        "MaxIncreasePerFarmLevel": 5,
        "ExtraChance": 0.2,
    },
    "SeedPurchasePrice": 60,
"SeedPurchaseRequirements": null,
}