{
  "Name": "Black Kombucha",
  "Description": "A standard Kombucha made with Black Tea.",
  "Category": "ArtisanGoods",
  "Edibility": 30,
  "EdibleIsDrink": true,
  "Price": 750,
  "IsColored": false,
  "GiftTastes": {
	"Love": ["Harvey", "Leah", "Sebastian"],
	"Like": ["Abigail", "Alex", "Caroline", "Clint", "Demetrius", "Dwarf", "Elliott", "Emily", "Evelyn", "George", "Gus", "Haley", "Jodi", "Kent", "Krobus", "Lewis", "Linus", "Marnie", "Maru", "Pam", "Penny", "Pierre", "Robin", "Sam", "Sandy", "Shane", "Willy", "Wizard"],
	"Hate": ["Jas", "Vincent"],
  },
  "Recipe": null,
}
