{
  "Name": "Neapolitan Popsicle",
  "Description": "Three flavors in one!",
  "Category": "Cooking",
  "Edibility": 60,
  "EdibleIsDrink": false,
  "EdibleBuffs": null,
  "Price": 1060,
  "IsColored": false,
  "GiftTastes": {
    "Like": ["Abigail", "Alex", "Caroline", "Clint", "Demetrius", "Dwarf", "Elliott", "Evelyn", "George", "Gus", "Haley", "Harvey", "Jas", "Jodi", "Kent", "Lewis", "Linus", "Marnie", "Maru", "Pam", "Penny", "Pierre", "Robin", "Sam", "Sandy", "Sebastian", "Shane", "Vincent", "Wizard"],
	"Dislike": ["Emily", "Krobus", "Leah", "Willy"],
  },
  "Recipe": {
    "ResultCount": 1,
    "Ingredients": [
      {
        "Object": 400,
        "Count": 1,
      },
      {
        "Object": 388,
        "Count": 1,
      },
{
        "Object": "Chocolate",
        "Count": 1,
      },
{
        "Object": "Vanilla",
        "Count": 1,
      }
    ],
    "CanPurchase": true,
    "PurchaseFrom": "Gus",
    "PurchasePrice": 1100,
    "PurchaseRequirements": ["y 2",
],

  }
}