{
  "Name": "Kefir",
  "Description": "Made from sheep or goat milk and a kefir yeast. It's creamy.",
  "Category": "ArtisanGoods",
  "Edibility": 34,
 "EdibleIsDrink": true,
  "Price": 200,
  "IsColored": false,
  "Recipe": null,
  "GiftTastes": {
	"Like": ["Abigail", "Alex", "Caroline", "Clint", "Demetrius", "Dwarf", "Elliott", "Emily", "Evelyn", "Gus", "Haley", "Harvey", "Jodi", "Krobus", "Leah", "Lewis", "Linus", "Marnie", "Maru", "Pam", "Penny", "Pierre", "Robin", "Sam", "Sandy", "Shane", "Willy", "Wizard"],
	"Dislike": ["George"],
	"Hate": ["Jas", "Kent", "Sebastian", "Vincent"],
  }
}