{
    "Name": "Watermelon Mizu",
    "Product": "Watermelon",
    "SeedName": "Watermelon Seeds",
    "SeedDescription": "Plant these in fall. Takes 14 days to mature, and keeps producing after the first harvest.",
    "Type": "Fruit",

    "Seasons": ["fall"],
    "Phases": [ 1, 2, 3, 4, 4, ],
    "RegrowthPhase": 5,
    "HarvestWithScythe": false,
    "TrellisCrop": false,
    "Colors": null,
    "Bonus": {
        "MinimumPerHarvest": 1,
        "MaximumPerHarvest": 1,
        "MaxIncreasePerFarmLevel": 5,
        "ExtraChance": 0.0,
    },

    "SeedPurchasePrice": 100,

}
