{
  "Almond": 10,
  "Asian Pear": 11,
  "Avocado Tree": 12,
  "Banana Tree": 13,
  "Camphor Tree": 14,
  "Cashew": 15,
  "Cinnamon Tree": 16,
  "Cocoa Tree": 17,
  "Dragon Fruit Tree": 18,
  "Durian": 19,
  "Eucalyptus Tree": 20,
  "Fig Tree": 21,
  "Fragrant Wisteria Tree": 22,
  "Grapefruit Tree": 23,
  "Lemon Tree": 24,
  "Lime Tree": 25,
  "Mango": 26,
  "Melaleuca Tree": 27,
  "Olive Tree": 28,
  "Papaya Tree": 29,
  "Pear Tree": 30,
  "Pecan Tree": 31,
  "Persimmon Tree": 32,
  "Pomelo Tree": 33,
  "Vanilla Tree": 34,
  "Walnut": 35,
  "Ylang Ylang Tree": 36
}