{
  "Blue Dream": 100,
  "Cannabis": 101,
  "Girl Scout Cookies": 102,
  "Green Crack": 103,
  "Hemp": 104,
  "Hybrid": 105,
  "Indica": 106,
  "Northern Lights": 107,
  "OG Kush": 108,
  "Sativa": 109,
  "Sour Diesel": 110,
  "Strawberry Cough": 111,
  "Tobacco": 112,
  "White Widow": 113,
  "Adzuki Bean": 114,
  "Aloe": 115,
  "Barley": 116,
  "Basil": 117,
  "Bell Pepper": 118,
  "Blackberry": 119,
  "Broccoli": 120,
  "Cabbage": 121,
  "Carrot": 122,
  "Cassava": 123,
  "Celery": 124,
  "Chives": 125,
  "Cotton": 126,
  "Cucumber": 127,
  "Elderberry": 128,
  "Fennel": 129,
  "Ginger": 130,
  "Gooseberry": 131,
  "Green Pea": 132,
  "Juniper": 133,
  "Kiwi": 134,
  "Lettuce": 135,
  "Mint": 136,
  "Muskmelon": 137,
  "Navy Bean": 138,
  "Onion": 139,
  "Oregano": 140,
  "Parsley": 141,
  "Passion Fruit": 142,
  "Peanut": 143,
  "Pineapple": 144,
  "Raspberry": 145,
  "Rice": 146,
  "Rosemary": 147,
  "Sage": 148,
  "Soybean": 149,
  "Spinach": 150,
  "Sugar Beet": 151,
  "Sugar_Cane": 152,
  "Sweet Canary Melon": 153,
  "Sweet_Potato": 154,
  "Tea": 155,
  "Thyme": 156,
  "Wasabi": 157,
  "Watermelon Mizu": 158,
  "Bee_Balm": 159,
  "Blue_Mist": 160,
  "Chamomile": 161,
  "Clary_Sage": 162,
  "Fairy_Duster": 163,
  "Fall_Rose": 164,
  "Fragrant Lilac": 165,
  "Herbal Lavender": 166,
  "Honeysuckle": 167,
  "Passion_Flower": 168,
  "Pink_Cat": 169,
  "Purple_Coneflower": 170,
  "Rose": 171,
  "Shaded Violet": 172,
  "Spring_Rose": 173,
  "Summer_Rose": 174,
  "Sweet Jasmine": 175
}