{
  "Blue Dream": 2000,
  "Cannabis": 2001,
  "CBD Oil": 2002,
  "Dried Tobacco": 2003,
  "Girl Scout Cookies": 2004,
  "Green Crack": 2005,
  "Hemp": 2006,
  "Hemp Butter": 2007,
  "Hemp Cloth": 2008,
  "Honey Stick": 2009,
  "Hybrid": 2010,
  "Indica": 2011,
  "Joint": 2012,
  "Northern Lights": 2013,
  "OG Kush": 2014,
  "Pot Brownie": 2015,
  "Sativa": 2016,
  "Shatter": 2017,
  "Sour Diesel": 2018,
  "Strawberry Cough": 2019,
  "Tobacco": 2020,
  "Wax": 2021,
  "Weed-Infused Skooma": 2022,
  "White Widow": 2023,
  "Blue Dream Starter": 2024,
  "Cannabis Starter": 2025,
  "Girl Scout Cookies Starter": 2026,
  "Green Crack Starter": 2027,
  "Hemp Starter": 2028,
  "Hybrid Starter": 2029,
  "Indica Starter": 2030,
  "Northern Lights Starter": 2031,
  "OG Kush Starter": 2032,
  "Sativa Starter": 2033,
  "Sour Diesel Starter": 2034,
  "Strawberry Cough Starter": 2035,
  "Tobacco Seeds": 2036,
  "White Widow Starter": 2037,
  "Adzuki Bean": 2038,
  "Aloe": 2039,
  "Barley": 2040,
  "Basil": 2041,
  "Bell Pepper": 2042,
  "Broccoli": 2043,
  "Cabbage": 2044,
  "Carrot": 2045,
  "Cassava": 2046,
  "Celery": 2047,
  "Chives": 2048,
  "Cotton Boll": 2049,
  "Cucumber": 2050,
  "Elderberry": 2051,
  "Fennel": 2052,
  "Ginger": 2053,
  "Gooseberry": 2054,
  "Green Peas": 2055,
  "Juniper Berry": 2056,
  "Kiwi": 2057,
  "Lettuce": 2058,
  "Mint": 2059,
  "Muskmelon": 2060,
  "Navy Bean": 2061,
  "Onion": 2062,
  "Oregano": 2063,
  "Parsley": 2064,
  "Passion Fruit": 2065,
  "Peanut": 2066,
  "Pineapple": 2067,
  "Raspberry": 2068,
  "Rosemary": 2069,
  "Sage": 2070,
  "Soybean": 2071,
  "Spinach": 2072,
  "Sugar Beet": 2073,
  "Sugar Cane": 2074,
  "Sweet Canary Melon": 2075,
  "Sweet Potato": 2076,
  "Tea Leaf": 2077,
  "Thyme": 2078,
  "Unpolished Rice": 2079,
  "Wasabi Root": 2080,
  "Watermelon": 2081,
  "Adzuki Bean Seeds": 2082,
  "Aloe Pod": 2083,
  "Barley Seeds": 2084,
  "Basil Seeds": 2085,
  "Bell Pepper Seeds": 2086,
  "Blackberry Seeds": 2087,
  "Broccoli Seeds": 2088,
  "Cabbage Seeds": 2089,
  "Carrot Seeds": 2090,
  "Cassava Seeds": 2091,
  "Celery Seeds": 2092,
  "Chive Seeds": 2093,
  "Cotton Seeds": 2094,
  "Cucumber Starter": 2095,
  "Elderberry Seeds": 2096,
  "Fennel Seeds": 2097,
  "Ginger Seeds": 2098,
  "Gooseberry Seeds": 2099,
  "Green Pea Seeds": 2100,
  "Juniper Berry Seeds": 2101,
  "Kiwi Seeds": 2102,
  "Lettuce Seeds": 2103,
  "Mint Seeds": 2104,
  "Muskmelon Seeds": 2105,
  "Navy Bean Seeds": 2106,
  "Onion Seeds": 2107,
  "Oregano Seeds": 2108,
  "Parsley Seeds": 2109,
  "Passion Fruit Seeds": 2110,
  "Peanut Seeds": 2111,
  "Pineapple Seeds": 2112,
  "Raspberry Seeds": 2113,
  "Rice Seeds": 2114,
  "Rosemary Seeds": 2115,
  "Sage Seeds": 2116,
  "Soybean Seeds": 2117,
  "Spinach Seeds": 2118,
  "Sugar Beet Seeds": 2119,
  "Sugar Cane Seeds": 2120,
  "Sweet Canary Melon Seeds": 2121,
  "Sweet Potato Seeds": 2122,
  "Tea Seeds": 2123,
  "Thyme Seeds": 2124,
  "Wasabi Seeds": 2125,
  "Watermelon Seeds": 2126,
  "Bee Balm": 2127,
  "Blue Mist": 2129,
  "Chamomile": 2130,
  "Clary Sage": 2131,
  "Fairy Duster": 2133,
  "Fall Rose": 2135,
  "Fragrant Lilac": 2136,
  "Herbal Lavender": 2138,
  "Honeysuckle": 2140,
  "Passion Flower": 2141,
  "Pink Cat": 2142,
  "Purple Coneflower": 2143,
  "Rose": 2145,
  "Shaded Violet": 2146,
  "Spring Rose": 2148,
  "Summer Rose": 2149,
  "Sweet Jasmine": 2150,
  "Bee Balm Seeds": 2152,
  "Blue Mist Seeds": 2153,
  "Chamomile Seeds": 2154,
  "Clary Sage Seeds": 2155,
  "Fairy Duster Pod": 2156,
  "Fall Rose Starter": 2157,
  "Fragrant Lilac Pod": 2158,
  "Herbal Lavender Seeds": 2159,
  "Honeysuckle Starter": 2160,
  "Passion Flower Seeds": 2161,
  "Pink Cat Seeds": 2162,
  "Purple Coneflower Seeds": 2163,
  "Rose Starter": 2164,
  "Shaded Violet Seeds": 2165,
  "Spring Rose Starter": 2166,
  "Summer Rose Starter": 2167,
  "Sweet Jasmine Seeds": 2168,
  "Almond": 2169,
  "Asian Pear": 2170,
  "Avocado": 2171,
  "Banana": 2172,
  "Camphor Leaves": 2173,
  "Cashew": 2174,
  "Cinnamon Sticks": 2175,
  "Cocoa Pod": 2176,
  "Dragon Fruit": 2177,
  "Durian": 2178,
  "Eucalyptus Leaves": 2179,
  "Fig": 2180,
  "Fragrant Wisteria": 2181,
  "Grapefruit": 2182,
  "Lemon": 2183,
  "Lime": 2184,
  "Mango": 2185,
  "Melaleuca Leaves": 2186,
  "Olive": 2187,
  "Papaya": 2188,
  "Pear": 2189,
  "Pecan": 2190,
  "Persimmon": 2191,
  "Pomelo": 2192,
  "Vanilla": 2193,
  "Walnut": 2194,
  "Ylang Ylang": 2195,
  "Almond Sapling": 2196,
  "Asian Pear Sapling": 2197,
  "Avocado Sapling": 2198,
  "Banana Sapling": 2199,
  "Camphor Sapling": 2200,
  "Cashew Sapling": 2201,
  "Cinnamon Sapling": 2202,
  "Cocoa Sapling": 2203,
  "Dragon Fruit Sapling": 2204,
  "Durian Sapling": 2205,
  "Eucalyptus Sapling": 2206,
  "Fig Sapling": 2207,
  "Fragrant Wisteria Sapling": 2208,
  "Grapefruit Sapling": 2209,
  "Lemon Sapling": 2210,
  "Lime Sapling": 2211,
  "Mango Sapling": 2212,
  "Melaleuca Sapling": 2213,
  "Olive Sapling": 2214,
  "Papaya Sapling": 2215,
  "Pear Sapling": 2216,
  "Pecan Sapling": 2217,
  "Persimmon Sapling": 2218,
  "Pomelo Sapling": 2219,
  "Vanilla Sapling": 2220,
  "Walnut Sapling": 2221,
  "Ylang Ylang Sapling": 2222,
  "Avocado Eel Roll": 2223,
  "Avocado Toast": 2224,
  "Baked Sweet Potato": 2225,
  "Banana Bread": 2226,
  "Banana Pudding": 2227,
  "Barley Tea": 2228,
  "Berry Fusion Tea": 2229,
  "Black Tea": 2230,
  "Blue Mist Tea": 2231,
  "Boba Tea": 2232,
  "Breakfast Tea": 2233,
  "Broccoli and Cheese": 2234,
  "Brown Sugar": 2235,
  "Carrot Cake": 2236,
  "Cassava Cake": 2237,
  "Celery and Peanut Butter": 2238,
  "Chai\tTea": 2239,
  "Chamomile Tea": 2240,
  "Chef Salad": 2241,
  "Chili Powder": 2242,
  "Chocolate": 2243,
  "Chocolate Covered Strawberry": 2244,
  "Chocolate Pudding": 2245,
  "Crab Roll": 2246,
  "Cranberry Pomegranate Tea": 2247,
  "Crocus White Tea": 2248,
  "Cucumber Roll": 2249,
  "Cucumber Sandwich": 2250,
  "Cumin Spice": 2251,
  "Curry Powder": 2252,
  "Dandelion Tea": 2253,
  "Earl Grey Tea": 2254,
  "Farofa": 2255,
  "Fig Tart": 2256,
  "Fruit Tea": 2257,
  "Gooseberry Pie": 2258,
  "Green Tea": 2259,
  "Island Salad": 2260,
  "Jasmine Tea": 2261,
  "Lavender Milk Tea": 2262,
  "Lemon Tea": 2263,
  "Marshmallow Fluff": 2264,
  "Melon Salad": 2265,
  "Mint Tea": 2266,
  "Nutmeg": 2267,
  "Oolong Tea": 2268,
  "Paprika": 2269,
  "PB&J Sandwich": 2270,
  "Peanut Butter": 2271,
  "Pepper": 2272,
  "Poached Pear": 2273,
  "Raspberry Tart": 2274,
  "Rice Pilaf": 2275,
  "Rose Tea": 2276,
  "Salt": 2277,
  "Sauteed Onions": 2278,
  "Southern Sweet Tea": 2279,
  "Spice Tea": 2280,
  "Strawberry Grapefruit Tea": 2281,
  "Stuffed Bell Peppers": 2282,
  "Sun Tea": 2283,
  "Sweet Potato Fries": 2284,
  "Tropical Fruit Salad": 2285,
  "Vegetable Stir Fry": 2286,
  "White Tea": 2287
}