{
    "Name": "Honeysuckle",
    "Product": "Honeysuckle",
    "SeedName": "Honeysuckle Starter",
       "SeedDescription": "Plant in spring or summer. Takes 8 days to produce sweet smelling flowers, and keeps producing after the first harvest. Grows on a trellis.",
    "Type": "Flower",

    "Seasons": ["spring", "summer"],
    "Phases": [ 1, 2, 3, 2, ],
    "RegrowthPhase": 3,
    "HarvestWithScythe": false,
    "TrellisCrop": true,
    "Colors": null,
    "Bonus": {
        "MinimumPerHarvest": 1,
        "MaximumPerHarvest": 3,
        "MaxIncreasePerFarmLevel": 5,
        "ExtraChance": 0.2,
    },
"SeedPurchaseFrom": "Marnie",
    "SeedPurchasePrice": 100,
    "SeedPurchaseRequirements": [
    "z summer fall winter"
],
}
