{
    "Name": "Bee_Balm",
    "Product": "Bee Balm",
    "SeedName": "Bee Balm Seeds",
    "SeedDescription": "Plant in fall. Takes 9 days to produce an attractive flower.",
    "Type": "Flower",

    "Seasons": ["fall"],
    "Phases": [ 1, 2, 3, 3 ],
    "RegrowthPhase": -1,
    "HarvestWithScythe": false,
    "TrellisCrop": false,
    "Colors": [
    "236, 0, 0, 1",
    "224, 88, 158, 1",
    "255, 172, 240, 1"
    ],
    "Bonus": {
        "MinimumPerHarvest": 1,
        "MaximumPerHarvest": 1,
        "MaxIncreasePerFarmLevel": 5,
        "ExtraChance": 0.0,
    },
"SeedPurchaseFrom": "Marnie",
    "SeedPurchasePrice": 60,

}
