{
  "Name": "Wasabi Peas",
  "Description": "Dried peas that have been dusted in wasabi.",
  "Category": "Cooking",
  "Edibility": 14,
  "EdibleIsDrink": false,
  "EdibleBuffs": null,
  "Price": 175,
  "IsColored": false,
  "GiftTastes": {
	"Love": ["Shane"],
    "Like": ["Alex", "Caroline", "Clint", "Demetrius", "Dwarf", "Elliott", "Emily", "Evelyn", "George", "Gus", "Harvey", "Jodi", "Kent", "Krobus", "Leah", "Lewis", "Linus", "Marnie", "Maru", "Pam", "Penny", "Pierre", "Robin", "Sandy", "Sebastian", "Willy", "Wizard"],
	"Dislike": ["Abigail", "Haley", "Jas", "Sam", "Vincent"],
  },
  "Recipe": {
    "ResultCount": 1,
    "Ingredients": [
      {
        "Object": "Wasabi Paste",
        "Count": 1,
      },
      {
        "Object": "Green Peas",
        "Count": 3,
      }
    ],
    "CanPurchase": true,
    "PurchaseFrom": "Gus",
    "PurchasePrice": 950,
    "PurchaseRequirements": [
"y 2",
],
  }
}