{
  "Name": "Cheeseburger",
  "Description": "A hamburger, but with cheese.",
  "Category": "Cooking",
  "Edibility": 118,
  "EdibleIsDrink": false,
  "EdibleBuffs": null,
  "Price": 325,
  "IsColored": false,
  "GiftTastes": {
	"Like": ["Abigial", "Alex", "Caroline", "Clint", "Demetrius", "Dwarf", "Elliott", "Evelyn", "George", "Gus", "Jodi", "Kent", "Krobus", "Lewis", "Linus", "Maru", "Pam", "Penny", "Pierre", "Robin", "Sam", "Sandy", "Shane", "Willy", "Wizard"],
	"Dislike": ["Emily", "Haley", "Harvey", "Jas", "Leah", "Marnie", "Vincent"],
	"Hate": ["Sebastian"],
  },
  "Recipe": {
    "ResultCount": 1,
    "Ingredients": [
      {
        "Object": "Beef",
        "Count": 1,
      },
      {
        "Object": 216,
        "Count": 1,
      },
  {
        "Object": 424,
        "Count": 1,
      }
    ],
    "CanPurchase": true,
    "PurchaseFrom": "Gus",
    "PurchasePrice": 1050,
    "PurchaseRequirements": null,
  }
}