{
    "Name": "Fennel",
    "Product": "Fennel",
    "SeedName": "Fennel Seeds",
    "SeedDescription": "Plant these in fall. Takes 5 days to mature.",
    "Type": "Vegetable",

    "Seasons": ["fall"],
    "Phases": [ 1, 1, 2, 1 ],
    "RegrowthPhase": -1,
    "HarvestWithScythe": false,
    "TrellisCrop": false,
    "Colors": null,
    "Bonus": {
        "MinimumPerHarvest": 1,
        "MaximumPerHarvest": 1,
        "MaxIncreasePerFarmLevel": 5,
        "ExtraChance": 0.0,
    },

    "SeedPurchasePrice": 20,
"SeedPurchaseRequirements": [
"y 2",
],

}
