{
  "Name": "Herbal Lavender",
  "Description": "Such a lovely smelling herb. So calming and relaxing.",
  "Category": "Flower",
  "Edibility": 18,
  "Price": 30,
  "IsColored": true,
  "Recipe": null,
  "GiftTastes": {
	"Love": ["Elliott", "Emily", "Haley"],
    "Like": ["Abigail", "Alex", "Caroline", "Clint", "Demetrius", "Dwarf", "Evelyn", "George", "Gus", "Harvey", "Jas", "Jodi", "Kent", "Krobus", "Leah", "Lewis", "Linus", "Marnie", "Maru", "Pam", "Penny", "Pierre", "Robin", "Sam", "Sandy", "Sebastian", "Shane", "Vincent", "Willy", "Wizard"],
  },
}