{
  "Name": "Fried Sweet Bananas",
  "Description": "Sugared bananas, saute�d in butter.",
  "Category": "Cooking",
  "Edibility": 68,
  "EdibleIsDrink": false,
  "EdibleBuffs": null,
  "Price": 545,
  "IsColored": false,
  "GiftTastes": {
    "Like": ["Abigail", "Alex", "Caroline", "Clint", "Demetrius", "Dwarf", "Elliott", "Emily", "Evelyn", "George", "Gus", "Haley", "Jas", "Jodi", "Kent", "Lewis", "Linus", "Marnie", "Maru", "Pam", "Penny", "Pierre", "Robin", "Sam", "Sandy", "Sebastian", "Shane", "Vincent", "Wizard"],
    "Neutral": ["Leah", "Harvey"],
	"Dislike": ["Krobus", "Willy"],
	},
  "Recipe": {
    "ResultCount": 1,
    "Ingredients": [
      {
        "Object": 245,
        "Count": 1,
      },
      {
        "Object": "Butter",
        "Count": 1,
      },
{
        "Object": "Banana",
        "Count": 2,
      }
    ],
    "CanPurchase": true,
    "PurchaseFrom": "Gus",
    "PurchasePrice": 2545,
    "PurchaseRequirements": null,
  }
}