{
  "Name": "Chives",
  "Description": "A small relative of the spring onion. It is often used in cooking and has a slightly sweet flavor.",
  "Category": "Vegetable",
  "Edibility": 5,
  "Price": 35,
  "IsColored": false,
  "GiftTastes": {
    "Like": ["Gus", "Harvey", "Leah", "Linus"],
    "Neutral": ["Alex", "Caroline", "Clint", "Demetrius", "Dwarf", "Elliott", "Emily", "Evelyn", "George", "Jodi", "Kent", "Krobus", "Lewis", "Marnie", "Maru", "Pam", "Penny", "Pierre", "Robin", "Sandy", "Sebastian", "Shane", "Willy", "Wizard"],
	"Dislike": ["Abigail", "Haley", "Jas", "Sam", "Vincent"],
  },
  "Recipe": null,
}