{
  "Name": "Milky Coffee",
  "Description": "Coffee with milk added to it, in a can!",
  "Category": "Cooking",
  "Edibility": 22,
  "EdibleIsDrink": true,
  "EdibleBuffs": null,
  "Price": 50,
  "IsColored": false,
  "GiftTastes": {
    "Like": ["Abigail", "Alex", "Caroline", "Clint", "Demetrius", "Dwarf", "Elliott", "Emily", "Evelyn", "George", "Gus", "Haley", "Harvey", "Jodi", "Krobus", "Leah", "Lewis", "Linus", "Marnie", "Maru", "Pam", "Penny", "Pierre", "Robin", "Sam", "Sandy", "Shane", "Willy", "Wizard"],
	"Neutral": [ "Sebastian", ],
	"Hate": ["Jas", "Kent", "Vincent"],
  },
  "Recipe": null,
    "CanPurchase": true,
    "PurchaseFrom": "Gus",
    "PurchasePrice": 100,
    "PurchaseRequirements": null,

}