{
  "Name": "Limeade",
  "Description": "Freshly squeezed limeade!",
  "Category": "Cooking",
  "Edibility": 32,
  "EdibleIsDrink": true,
  "EdibleBuffs": null,
  "Price": 450,
  "IsColored": false,
  "GiftTastes": {
    "Like": ["Abigail", "Alex", "Caroline", "Clint", "Demetrius", "Dwarf", "Elliott", "Emily", "Evelyn", "George", "Gus", "Haley", "Harvey", "Jas", "Jodi", "Kent", "Krobus", "Leah", "Lewis", "Linus", "Marnie", "Maru", "Pam", "Penny", "Pierre", "Robin", "Sam", "Sandy", "Sebastian", "Shane", "Vincent", "Willy", "Wizard"],
  },
  "Recipe": {
    "ResultCount": 1,
    "Ingredients": [
      {
        "Object": "Lime",
        "Count": 1,
      },
      {
        "Object": 245,
        "Count": 1,
      }
    ],
    "CanPurchase": true,
    "PurchaseFrom": "Gus",
    "PurchasePrice": 500,
    "PurchaseRequirements": null,
  }
}