{
    "Name": "Spinach",
    "Product": "Spinach",
    "SeedName": "Spinach Seeds",
    "SeedDescription": "Plant these in spring or fall. Takes 3 days to mature.",
    "Type": "Vegetable",

    "Seasons": ["spring", "fall"],
    "Phases": [ 1, 1, 1],
    "RegrowthPhase": -1,
    "HarvestWithScythe": false,
    "TrellisCrop": false,
    "Colors": null,
    "Bonus": {
        "MinimumPerHarvest": 1,
        "MaximumPerHarvest": 1,
        "MaxIncreasePerFarmLevel": 5,
        "ExtraChance": 0.0,
    },
    "SeedPurchasePrice": 15,
"SeedPurchaseRequirements": null,
}