{
    "Name": "Copper_Leaf",
    "Product": 378,
    "SeedName": "Copper Seeds",
    "SeedDescription": "Plant these in spring. Takes 10 days to mature.",
    "Type": "Mineral",

    "Seasons": ["spring"],
    "Phases": [ 1, 2, 3, 2, 2],
    "RegrowthPhase": -1,
    "HarvestWithScythe": false,
    "TrellisCrop": false,
    "Colors": null,
    "Bonus": {
        "MinimumPerHarvest": 1,
        "MaximumPerHarvest": 5,
        "MaxIncreasePerFarmLevel": 5,
        "ExtraChance": 2.0,
    },
"SeedPurchaseFrom": "Krobus",
  "SeedPurchasePrice": 50,

}
