{
    "Name": "Sweet Canary Melon",
    "Product": "Sweet Canary Melon",
    "SeedName": "Sweet Canary Melon Seeds",
    "SeedDescription": "Plant these in spring. Takes 11 days to mature, and keeps producing after the first harvest.",
    "Type": "Fruit",

    "Seasons": ["spring"],
    "Phases": [ 1, 2, 3, 2, 3, ],
    "RegrowthPhase": 4,
    "HarvestWithScythe": false,
    "TrellisCrop": false,
    "Colors": null,
    "Bonus": {
        "MinimumPerHarvest": 1,
        "MaximumPerHarvest": 1,
        "MaxIncreasePerFarmLevel": 5,
        "ExtraChance": 0.0,
    },

    "SeedPurchasePrice": 70,
"SeedPurchaseRequirements": [
"y 2",
],

}
