{
  "Name": "Dandelion Tea",
  "Description": "Who knew a weed could taste so good?",
  "Category": "Cooking",
  "Edibility": 27,
  "EdibleIsDrink": true,
 "EdibleBuffs": {
    "Farming": 2,
    "Fishing": 0,
    "Mining": 0,
    "Luck": 0,
	"Foraging": 0,
	"MaxStamina": 0,
    "MagnetRadius": 0,
	"Speed": 0,
	"Defense": 0,
	"Attack": 0,
    "Duration": 300,
  },
  "Price": 245,
  "IsColored": false,
  "Recipe": {
    "ResultCount": 1,
    "Ingredients": [
      {
        "Object": 22,
        "Count": 2,
      }
    ],
    "CanPurchase": true,
    "PurchaseFrom": "Gus",
    "PurchasePrice": 1245,
    "PurchaseRequirements": [
      "z summer fall winter",
"f Linus 500",
    ]
  },
"GiftTastes": {
	"Love": ["Linus"],
	"Like": ["Abigail", "Alex", "Caroline", "Clint", "Demetrius", "Dwarf", "Elliott", "Emily", "Evelyn", "Gus", "Haley", "Harvey", "Kent", "Krobus", "Leah", "Lewis", "Marnie", "Maru", "Pam", "Penny", "Pierre", "Robin", "Sam", "Sandy", "Sebastian", "Shane", "Willy", "Wizard"],
	"Neutral": ["Jas", "Vincent"],
	"Dislike": ["George", "Jodi"],
  }
}