﻿{
  "Name": "Kumis",
  "Description": "A fermented beverage usually made from mare’s milk.",
  "Category": "ArtisanGoods",
  "Edibility": 22,
 "EdibleIsDrink": true,
  "Price": 200,
  "IsColored": false,
  "Recipe": null,
  "GiftTastes": {
	"Love": ["Sandy"],
	"Like": ["Abigail", "Alex", "Caroline", "Clint", "Demetrius", "Dwarf", "Elliott", "Emily", "Evelyn", "Gus", "Haley", "Harvey", "Jodi", "Krobus", "Leah", "Lewis", "Linus", "Marnie", "Maru", "Pam", "Penny", "Pierre", "Robin", "Sam", "Shane", "Willy", "Wizard"],
	"Dislike": ["George"],
	"Hate": ["Jas", "Kent", "Sebastian", "Vincent"],
  }
}