{
  "Name": "Strawberry Grapefruit Kombucha",
  "Description": "A flavorful sparkling fruit-blend.",
  "Category": "ArtisanGoods",
  "Edibility": 42,
  "Price": 2000,
  "IsColored": false,
  "Recipe": null,
 "GiftTastes": {
	"Love": ["Sebastian", "Demetrius", "Maru", "Robin", "Elliott", "Harvey", "Jodi", "Kent", "Leah", "Linus", "Pam", "Sandy", "Shane"],
	"Like": ["Alex", "Caroline", "Clint", "Demetrius", "Dwarf", "Emily", "Evelyn", "George", "Gus", "Krobus", "Lewis", "Marnie", "Maru", "Penny", "Pierre", "Sam", "Willy", "Wizard"],
	"Neutral": ["Abigail", "Haley", "Jas", "Vincent"],
  }
}
