{
  "Name": "Onion",
  "Description": "Be careful when cutting it!",
  "Category": "Vegetable",
  "Edibility": 8,
  "Price": 115,
  "IsColored": false,
  "GiftTastes": {
	"Love": ["Krobus"],
    "Like": ["Alex", "Caroline", "Clint", "Demetrius", "Dwarf", "Elliott", "Emily", "George", "Gus", "Harvey", "Kent", "Leah", "Lewis", "Linus", "Marnie", "Maru", "Pam", "Penny", "Robin",  "Sandy","Sebastian", "Shane", "Willy", "Wizard"],
	"Dislike": ["Abigail", "Haley", "Jas", "Jodi", "Sam", "Vincent"],
	"Hate": ["Evelyn", "Pierre"],
  },
  "Recipe": null,
}