{
  "Name": "Canned Lemon Tea",
  "Description": "Lemon flavored tea, in a can!",
  "Category": "Cooking",
  "Edibility": 20,
  "EdibleIsDrink": true,
  "EdibleBuffs": null,
  "Price": 50,
  "IsColored": false,
  "GiftTastes": {
    "Like": ["Abigail", "Alex", "Caroline", "Clint", "Demetrius", "Dwarf", "Elliott", "Emily", "Evelyn", "George", "Gus", "Harvey", "Jodi", "Kent", "Leah", "Lewis", "Linus", "Marnie", "Maru", "Pam", "Penny", "Pierre", "Robin", "Sam", "Sandy", "Sebastian", "Shane", "Wizard"],
	"Neutral": ["Haley", "Jas", "Vincent"],
	"Dislike": ["Krobus", "Willy"],
  },
  "Recipe": null,
    "CanPurchase": true,
    "PurchaseFrom": "Gus",
    "PurchasePrice": 100,
    "PurchaseRequirements": null,

}