{
  "Name": "Fried Rice",
  "Description": "Old rice, crumbled with oil, and sauteed with Soy Sauce, Scrambled Eggs and veggies.",
  "Category": "Cooking",
  "Edibility": 44,
  "EdibleIsDrink": false,
  "EdibleBuffs": null,
  "Price": 495,
  "IsColored": false,
  "GiftTastes": {
    "Like": ["Alex", "Caroline", "Clint", "Demetrius", "Dwarf", "Elliott", "Emily", "Evelyn", "George", "Gus", "Harvey", "Jodi", "Kent", "Krobus", "Leah", "Lewis", "Linus", "Marnie", "Maru", "Pam", "Penny", "Pierre", "Robin", "Sandy", "Shane", "Willy", "Wizard"],
	"Dislike": ["Abigail", "Haley", "Jas", "Sam", "Vincent"],
	"Hate": ["Sebastian"],
	},
  "Recipe": {
    "ResultCount": 1,
    "Ingredients": [
      {
        "Object": 423,
        "Count": 1,
      },
      {
        "Object": -5,
        "Count": 1,
      },
{
        "Object": 247,
        "Count": 1,
      },
{
        "Object": "Carrot",
        "Count": 1,
      },
{
        "Object": "Green Peas",
        "Count": 2,
      }
    ],
    "CanPurchase": true,
    "PurchaseFrom": "Gus",
    "PurchasePrice": 2495,
    "PurchaseRequirements": ["y 2",
],
  }
}