{
  "Name": "Pork",
  "Description": "A fatty cut of pork.",
  "Category": "ArtisanGoods",
  "Edibility": -300,
  "Price": 80,
  "IsColored": false,
  "GiftTastes": {
    "Dislike": ["Abigail", "Alex", "Caroline", "Clint", "Demetrius", "Dwarf", "Elliott", "Emily", "Evelyn", "George", "Gus", "Haley", "Harvey", "Jas", "Jodi", "Kent", "Krobus", "Leah", "Lewis", "Linus", "Marnie", "Maru", "Pam", "Penny", "Pierre", "Robin", "Sam", "Sandy", "Shane", "Vincent", "Willy", "Wizard"],
	"Hate": ["Sebastian"],
  },
  "Recipe": null,
  "CanPurchase": true,
"PurchaseFrom": "Gus",
    "PurchasePrice": 80,
    "PurchaseRequirements": null,
}