{
  "Name": "Pink Strawberry Cake",
  "Description": "Yummy!",
  "Category": "Cooking",
  "Edibility": 82,
  "EdibleIsDrink": false,
  "EdibleBuffs": null,
  "Price": 520,
  "IsColored": false,
  "GiftTastes": {
	"Love": ["Demetrius", "Maru"],
    "Like": ["Alex", "Caroline", "Clint", "Dwarf", "Elliott", "Emily", "Evelyn", "George", "Gus", "Harvey", "Jodi", "Kent", "Leah", "Lewis", "Linus", "Marnie", "Pam", "Penny", "Pierre", "Robin", "Sam", "Sandy", "Sebastian", "Shane", "Wizard"],
	"Neutral": ["Abigail", "Haley", "Jas", "Vincent"],
	"Dislike": ["Krobus", "Willy"],
  },
  "Recipe": {
    "ResultCount": 1,
    "Ingredients": [
      {
        "Object": -5,
        "Count": 2,
      },
      {
        "Object": 400,
        "Count": 1,
      },
	  {
        "Object": 245,
        "Count": 3,
      }
    ],
    "CanPurchase": true,
    "PurchaseFrom": "Gus",
    "PurchasePrice": 2520,
    "PurchaseRequirements": null,
  }
}