{
  "Name": "Scotch Bonnet Extract",
  "Description": "This liquid has been extracted from a pepper.",
  "Category": "ArtisanGoods",
  "Edibility": -300,
  "Price": 400,
  "IsColored": false,
  "Recipe": null,
  "GiftTastes": {
	"Love": ["Krobus", "Shane"],
	"Like": ["Abigail", "Kent", "Sam", "Sandy"],
	"Neutral": ["Alex", "Clint", "Demetrius", "Dwarf", "Emily", "George", "Gus", "Leah", "Linus", "Marnie", "Maru", "Pam", "Penny", "Robin", "Sebastian", "Willy", "Wizard"],
	"Dislike": ["Caroline", "Elliott", "Haley", "Harvey", "Jodi", "Lewis"],
	"Hate": ["Evelyn", "Jas", "Pierre", "Vincent"],
  }
}