{
  "Name": "Graham Crackers",
  "Description": "Just who is Graham anyways?",
  "Category": "Cooking",
  "Edibility": 22,
  "EdibleIsDrink": false,
  "EdibleBuffs": null,
  "Price": 450,
  "IsColored": false,
  "GiftTastes": {
    "Like": ["Abigail", "Alex", "Caroline", "Clint", "Demetrius", "Dwarf", "Elliott", "Emily", "Evelyn", "George", "Gus", "Haley", "Harvey", "Jas", "Jodi", "Kent", "Leah", "Lewis", "Linus", "Marnie", "Maru", "Pam", "Penny", "Pierre", "Robin", "Sam", "Sandy", "Sebastian", "Shane", "Vincent", "Wizard"],
	"Dislike": ["Krobus", "Willy"],
	},
  "Recipe": {
    "ResultCount": 2,
    "Ingredients": [
      {
        "Object": 246,
        "Count": 1,
       },
{
        "Object": 245,
        "Count": 1,
       },
{
        "Object": 340,
        "Count": 1,
       }
    ],
    "CanPurchase": true,
    "PurchaseFrom": "Gus",
    "PurchasePrice": 1450,
    "PurchaseRequirements": null,

  }
}