{
  "Name": "Butter",
  "Description": "Made from cow's milk and delicious with almost everything.",
  "Category": "Cooking",
  "Edibility": 22,
  "Price": 175,
  "IsColored": false,
  "Recipe": null,
  "GiftTastes": {
	"Love": ["Gus"],
	"Like": ["Abigail", "Alex", "Caroline", "Clint", "Demetrius", "Dwarf", "Elliott", "Emily", "Evelyn", "George", "Haley", "Harvey", "Jodi", "Krobus", "Leah", "Lewis", "Linus", "Marnie", "Maru", "Pam", "Penny", "Pierre", "Robin", "Sam", "Sandy", "Shane", "Willy", "Wizard"],
	"Dislike": ["Jas", "Kent", "Vincent"],
	"Hate": ["Sebastian"],
  }
}