{
  "Name": "Barley",
  "Description": "A dark grain that has a more earthy taste when processed than wheat.",
  "Category": "Vegetable",
  "Edibility": 8,
  "Price": 25,
  "IsColored": false,
  "GiftTastes": {
    "Neutral": ["Abigail", "Alex", "Caroline", "Clint", "Demetrius", "Dwarf", "Elliott", "Emily", "Evelyn", "George", "Gus", "Haley", "Harvey", "Jas", "Jodi", "Kent", "Krobus", "Leah", "Lewis", "Linus", "Marnie", "Maru", "Pam", "Penny", "Pierre", "Robin", "Sam", "Sandy", "Sebastian", "Shane", "Vincent", "Willy", "Wizard"],
  },
  "Recipe": null,
}