{
  "Name": "Iced Vanilla Donut",
  "Description": "A simple, iced vanilla donut.",
  "Category": "Cooking",
  "Edibility": 62,
  "EdibleIsDrink": false,
  "EdibleBuffs": null,
  "Price": 500,
  "IsColored": false,
  "GiftTastes": {
	"Love": ["Caroline"],
    "Like": ["Abigail", "Alex", "Clint", "Demetrius", "Dwarf", "Elliott", "Emily", "Evelyn", "George", "Gus", "Haley", "Harvey", "Jas", "Jodi", "Kent", "Leah", "Lewis", "Linus", "Marnie", "Maru", "Pam", "Penny", "Pierre", "Robin", "Sam", "Sandy", "Sebastian", "Shane", "Vincent", "Wizard"],
	"Dislike": ["Krobus", "Willy"],
  },
  "Recipe": {
    "ResultCount": 1,
    "Ingredients": [
      {
        "Object": "Vanilla",
        "Count": 2,
      },
      
{
        "Object": 246,
        "Count": 1,
      },
{
        "Object": 245,
        "Count": 1,
      },
{
        "Object": -5,
        "Count": 1,
      }
    ],
    "CanPurchase": true,
    "PurchaseFrom": "Gus",
    "PurchasePrice": 2500,
    "PurchaseRequirements": null,
  }
}