{
    "Name": "Fragrant Lilac",
    "Product": "Fragrant Lilac",
    "SeedName": "Fragrant Lilac Pod",
    "SeedDescription": "Plant in summer. Takes 7 days to produce a faint, cute flower.",
    "Type": "Flower",

    "Seasons": ["summer"],
    "Phases": [ 1, 2, 1, 2, 1 ],
    "RegrowthPhase": -1,
    "HarvestWithScythe": false,
    "TrellisCrop": false,
    "Colors": [
    "136, 116, 248, 1",
    "116, 133, 248, 1",
    "204, 160, 246, 1"
    ],
    "Bonus": {
        "MinimumPerHarvest": 1,
        "MaximumPerHarvest": 1,
        "MaxIncreasePerFarmLevel": 5,
        "ExtraChance": 0.0,
    },

    "SeedPurchasePrice": 25,

}
