{
    "Name": "Cassava",
    "Product": "Cassava",
    "SeedName": "Cassava Seeds",
     "SeedDescription": "Plant these in summer. Takes 7 days to mature. Harvest with a scythe.",
    "Type": "Vegetable",

    "Seasons": ["summer"],
    "Phases": [ 1, 2, 2, 1, 1],
    "RegrowthPhase": -1,
    "HarvestWithScythe": true,
    "TrellisCrop": false,
    "Colors": null,
    "Bonus": {
        "MinimumPerHarvest": 1,
        "MaximumPerHarvest": 1,
        "MaxIncreasePerFarmLevel": 5,
        "ExtraChance": 0.0,
    },

    "SeedPurchasePrice": 60,
"SeedPurchaseRequirements": [
"y 2",
],

}

