{
  "Name": "Dumplings",
  "Description": "A fried pocket of pork and scallions.",
  "Category": "Cooking",
  "Edibility": 88,
  "EdibleIsDrink": false,
  "EdibleBuffs": null,
  "Price": 648,
  "IsColored": false,
  "GiftTastes": {
    "Like": ["Alex", "Caroline", "Clint", "Demetrius", "Dwarf", "Elliott", "Evelyn", "George", "Gus", "Harvey", "Jodi", "Kent", "Krobus", "Lewis", "Linus", "Maru", "Pam", "Penny", "Pierre", "Robin", "Sandy", "Shane", "Willy", "Wizard"],
	"Neutral": ["Abigail", "Emily", "Leah", "Vincent"],
	"Dislike": ["Haley", "Jas", "Marnie", "Sam"],
	"Hate": ["Sebastian"],
  },
  "Recipe": {
    "ResultCount": 1,
    "Ingredients": [
      {
        "Object": 246,
        "Count": 1,
      },
      {
        "Object": 247,
        "Count": 1,
      },
{
        "Object": 399,
        "Count": 1,
      },
{
        "Object": "Pork",
        "Count": 1,
      },
{
        "Object": 266,
        "Count": 1,
      }
    ],
    "CanPurchase": true,
    "PurchaseFrom": "Gus",
    "PurchasePrice": 2648,
    "PurchaseRequirements": ["y 2",
],
  }
}