{
  "Name": "Gooseberry Pie",
  "Description": "A pie made from wild berries and topped with a streusel crumble.",
  "Category": "Cooking",
  "Edibility": 54,
  "EdibleIsDrink": false,
  "EdibleBuffs": null,
  "Price": 410,
  "IsColored": false,
  "Recipe": {
    "ResultCount": 1,
    "Ingredients": [
      {
        "Object": "Gooseberry",
        "Count": 1,
      },
      {
        "Object": 254,
        "Count": 1,
      },
      {
        "Object": 246,
        "Count": 1,
      },
      {
        "Object": -6,
        "Count": 1,
      }
    ],
    "CanPurchase": true,
    "PurchaseFrom": "Gus",
    "PurchasePrice": 2410,
    "PurchaseRequirements": [
      "f Pierre 1250",
"y 2",
    ]
  },
  "GiftTastes": {
	"Love": ["Maru"],
	"Like": ["Abigail", "Alex", "Caroline", "Clint", "Demetrius", "Dwarf", "Elliott", "Emily", "Evelyn", "George", "Gus", "Haley", "Harvey", "Jas", "Jodi", "Kent", "Leah", "Lewis", "Linus", "Marnie", "Pam", "Penny", "Pierre", "Robin", "Sam", "Sandy", "Sebastian", "Shane", "Vincent", "Wizard"],
	"Dislike": ["Krobus", "Willy"],
  }
}