{
  "Name": "Ham",
  "Description": "A succulent cut of pork.",
  "Category": "Cooking",
  "Edibility": 40,
  "EdibleIsDrink": false,
  "EdibleBuffs": null,
  "Price": 380,
  "IsColored": false,
  "GiftTastes": {
    "Dislike": ["Abigail", "Alex", "Caroline", "Clint", "Demetrius", "Dwarf", "Elliott", "Emily", "Evelyn", "George", "Gus", "Haley", "Harvey", "Jas", "Jodi", "Kent", "Krobus", "Leah", "Lewis", "Linus", "Marnie", "Maru", "Pam", "Penny", "Pierre", "Robin", "Sam", "Sandy", "Shane", "Vincent", "Willy", "Wizard"],
	"Hate": ["Sebastian"],
  },
  "Recipe": {
    "ResultCount": 1,
    "Ingredients": [
      {
        "Object": "Pork",
        "Count": 1,
      }
    ],
    "CanPurchase": true,
    "PurchaseFrom": "Gus",
    "PurchasePrice": 850,
    "PurchaseRequirements": null,
  }
}