{
  "Name": "Fruit Tea",
  "Description": "Tea hinted with the sweet flavor of fruit.",
  "Category": "Cooking",
  "Edibility": 22,
  "EdibleIsDrink": true,
 "EdibleBuffs": null,
  "Price": 425,
  "IsColored": false,
  "Recipe": {
    "ResultCount": 1,
    "Ingredients": [
      {
        "Object": "Tea Leaf",
        "Count": 2,
      },
{
        "Object": -79,
        "Count": 1,
      }
    ],
    "CanPurchase": true,
    "PurchaseFrom": "Gus",
    "PurchasePrice": 1425,
    "PurchaseRequirements": null,
  },
  "GiftTastes": {
	"Like": ["Abigail", "Alex", "Caroline", "Clint", "Demetrius", "Dwarf", "Elliott", "Emily", "Evelyn", "George", "Gus", "Haley", "Harvey", "Jas", "Jodi", "Kent", "Krobus", "Leah", "Lewis", "Linus", "Marnie", "Maru", "Pam", "Penny", "Pierre", "Robin", "Sam", "Sandy", "Sebastian", "Shane", "Vincent", "Wizard"],
	"Dislike": ["Willy"],
  }
}