{
  "Name": "Lucky Purple Mayonnaise",
  "Description": "I hope you used an item spawner.",
  "Category": "ArtisanGoods",
  "Edibility": -300,
  "EdibleIsDrink": false,
  "Price": 285,
  "IsColored": false,
  "Recipe": null,
"GiftTastes":
 { 
        "Neutral": ["Demetrius", "Elliott", "Harvey", "Jas", "Jodi", "Kent", "Pam", "Robin", "Sandy", "Shane", "Vincent", "Haley", "Linus", "Alex", "Caroline", "Clint", "Emily", "Evelyn", "George", "Gus", "Maru", "Penny", "Pierre", "Sam", "Sebastian", "Wizard","Abigail", "Dwarf"],
"Dislike": ["Marnie"],
"Hate": ["Lewis"]
    }
}