{
  "Name": "Strawberry Preserves",
  "Description": "Bits of strawberry make it different from normal jelly.",
  "Category": "Cooking",
  "Edibility": 38,
  "EdibleIsDrink": false,
  "EdibleBuffs": null,
  "Price": 320,
  "IsColored": false,
  "GiftTastes": {
    "Like": ["Alex", "Caroline", "Clint", "Demetrius", "Dwarf", "Elliott", "Emily", "Evelyn", "George", "Gus", "Harvey", "Jodi", "Kent", "Krobus", "Leah", "Lewis", "Linus", "Marnie", "Maru", "Pam", "Penny", "Pierre","Robin", "Sam", "Sandy", "Sebastian", "Shane", "Willy", "Wizard"],
	"Dislike": ["Abigail", "Haley", "Jas", "Vincent"],
  },
  "Recipe": {
    "ResultCount": 1,
    "Ingredients": [
      {
        "Object": 400,
        "Count": 1,
       },
{
        "Object": 245,
        "Count": 1,
       }
    ],
    "CanPurchase": true,
    "PurchaseFrom": "Gus",
    "PurchasePrice": 2320,
    "PurchaseRequirements": ["z summer fall winter",
],

  }
}