{
  "Name": "Mochi",
  "Description": "A traditional Japanese treat.",
  "Category": "Cooking",
  "Edibility": 40,
  "EdibleIsDrink": false,
  "EdibleBuffs": null,
  "Price": 330,
  "IsColored": false,
  "GiftTastes": {
    "Like": ["Abigail", "Alex", "Caroline", "Clint", "Demetrius", "Dwarf", "Elliott", "Emily", "Evelyn", "George", "Gus", "Haley", "Harvey", "Jas", "Jodi", "Kent", "Leah", "Lewis", "Linus", "Marnie", "Maru", "Pam", "Penny", "Pierre", "Robin", "Sam", "Sandy", "Sebastian", "Shane", "Vincent", "Wizard"],
	"Dislike": ["Krobus", "Willy"],
  },
  "Recipe": {
    "ResultCount": 1,
    "Ingredients": [
      {
        "Object": 423,
        "Count": 1,
      },
      {
        "Object": 245,
        "Count": 1,
      },
{
        "Object": "Herbal Lavender",
        "Count": 1,
      }
    ],
    "CanPurchase": true,
    "PurchaseFrom": "Gus",
    "PurchasePrice": 2330,
    "PurchaseRequirements": ["z spring summer fall",
"y 2",
],
  }
}