{
  "Name": "Cucumber Sandwich",
  "Description": "A plain, refreshing tea sandwich.",
  "Category": "Cooking",
  "Edibility": 48,
  "EdibleIsDrink": false,
  "EdibleBuffs": null,
  "Price": 400,
  "IsColored": false,
  "Recipe": {
    "ResultCount": 1,
    "Ingredients": [
      {
        "Object": 216,
        "Count": 1,
      },
      {
        "Object": "Cucumber",
        "Count": 1,
      },
      {
        "Object": 306,
        "Count": 1,
      }
    ],
    "CanPurchase": true,
    "PurchaseFrom": "Gus",
    "PurchasePrice": 2400,
    "PurchaseRequirements": [
      "f Evelyn 1250",
"y 2",
    ]
  },
  "GiftTastes": {
	"Love": ["Elliott", "Jodi"],
	"Like": ["Alex", "Caroline", "Clint", "Demetrius", "Dwarf", "Emily", "Evelyn", "George", "Gus", "Harvey", "Kent", "Krobus", "Leah", "Lewis", "Linus", "Marnie", "Maru", "Pam", "Penny", "Pierre", "Robin", "Sandy", "Sebastian", "Shane", "Willy", "Wizard"],
	"Dislike": ["Abigail", "Haley", "Jas", "Sam", "Vincent"],
  }
}