{
  "Name": "Sage",
  "Description": "Burned ceremonially to cleanse the spirit and welcome positive thoughts.",
  "Category": "Vegetable",
  "Edibility": 5,
  "Price": 70,
  "IsColored": false,
  "GiftTastes": {
    "Like": ["Abigail", "Alex", "Caroline", "Clint", "Demetrius", "Dwarf", "Elliott", "Emily", "Evelyn", "George", "Gus",  "Haley", "Harvey",  "Jodi", "Kent", "Krobus", "Leah", "Lewis", "Linus", "Marnie", "Maru", "Pam", "Penny", "Pierre", "Robin", "Sam", "Sandy", "Sebastian", "Shane", "Willy", "Wizard"],
	"Neutral": ["Jas", "Vincent"],
  },
  "Recipe": null,
}