{
  "Name": "Chai Kombucha",
  "Description": "Hints of cinnamon, ginger, clove, and apple cider make this an interesting take on traditional Kombucha.",
  "Category": "ArtisanGoods",
  "Edibility": 30,
  "EdibleIsDrink": true,
  "Price": 1200,
  "IsColored": false,
  "Recipe": null,
  "GiftTastes": {
	"Love": ["George", "Sebastian", "Wizard"],
	"Like": ["Abigail", "Alex", "Caroline", "Clint", "Demetrius", "Dwarf", "Elliott", "Emily", "Evelyn", "Gus", "Haley", "Harvey", "Jas", "Jodi", "Kent", "Krobus", "Leah", "Lewis", "Linus", "Marnie", "Maru", "Pam", "Penny", "Pierre", "Robin", "Sam", "Sandy", "Shane", "Vincent", "Willy"],
  }
}
