{
  "Name": "Gooseberry",
  "Description": "A large round berry that makes for tasty pies.",
  "Category": "Fruit",
  "Edibility": 15,
  "Price": 50,
  "IsColored": false,
  "GiftTastes": {
    "Like": ["Alex", "Caroline", "Clint", "Demetrius", "Dwarf", "Elliott", "Emily", "Evelyn", "George", "Gus", "Harvey", "Jodi", "Kent", "Krobus", "Leah", "Lewis", "Linus", "Marnie", "Maru", "Pam", "Penny", "Pierre", "Robin", "Sam", "Sandy","Sebastian", "Shane", "Willy", "Wizard"],
	"Neutral": ["Abigail", "Haley", "Jas", "Vincent"],
  },
  "Recipe": null,
}