{
  "Name": "Garlic Mayonnaise",
  "Description": "You can use it in a sandwich.",
  "Category": "ArtisanGoods",
  "Edibility": -300,
  "Price": 280,
  "IsColored": false,
  "Recipe": null,
 "GiftTastes":
    {
        "Like": ["Alex", "Caroline", "Clint", "Demetrius", "Dwarf", "Elliott", "Emily", "George", "Gus", "Harvey", "Kent", "Krobus", "Leah", "Lewis", "Linus", "Marnie", "Maru", "Pam", "Penny", "Robin", "Sandy", "Sebastian", "Shane", "Willy", "Wizard"],
        "Dislike": ["Abigail", "Haley", "Jas", "Jodi", "Sam", "Vincent"],
        "Hate": ["Evelyn", "Pierre"]
    }
}