{
    "Name": "Coal_Root",
    "Product": 382,
    "SeedName": "Coal Seeds",
    "SeedDescription": "Plant these in spring or summer. Takes 10 days to mature.",
    "Type": "ArtisanGoods",

    "Seasons": ["spring", "summer"],
    "Phases": [ 1, 2, 3, 2],
    "RegrowthPhase": -1,
    "HarvestWithScythe": false,
    "TrellisCrop": false,
    "Colors": null,
    "Bonus": {
        "MinimumPerHarvest": 2,
        "MaximumPerHarvest": 3,
        "MaxIncreasePerFarmLevel": 5,
        "ExtraChance": 0.2,
    },
"SeedPurchaseFrom": "Clint",
  "SeedPurchasePrice": 30,
  "SeedPurchaseRequirements": [
	"z summer fall winter",
],

}
