{
  "Name": "Dandelion Kombucha",
  "Description": "Nature knows best.",
  "Category": "ArtisanGoods",
  "Edibility": 26,
  "EdibleIsDrink": true,
  "Price": 490,
  "IsColored": false,
  "Recipe": null,
  "GiftTastes": {
	"Like": ["Abigail", "Alex", "Clint", "Demetrius", "Emily", "Evelyn", "Gus", "Harvey", "Kent", "Leah", "Lewis", "Linus", "Marnie", "Maru", "Pam", "Penny", "Pierre", "Robin", "Sandy", "Sebastian"],
	"Dislike": ["Caroline", "Dwarf", "Elliott", "Haley", "Jas", "Krobus", "Sam", "Shane", "Vincent", "Willy", "Wizard"],
	"Hate": ["George", "Jodi"],
  },
}
