{
    "Name": "Purple_Coneflower",
    "Product": "Purple Coneflower",
    "SeedName": "Purple Coneflower Seeds",
    "SeedDescription": "Plant in fall. Takes 9 days to produce a purple flower.",
    "Type": "Flower",

    "Seasons": ["fall"],
    "Phases": [ 1, 2, 3, 3 ],
    "RegrowthPhase": -1,
    "HarvestWithScythe": false,
    "TrellisCrop": false,
    "Colors": [
    "207, 151, 255, 255",
    "206, 197, 236, 255",
    "245, 157, 199, 255"
    ],
    "Bonus": {
        "MinimumPerHarvest": 1,
        "MaximumPerHarvest": 1,
        "MaxIncreasePerFarmLevel": 5,
        "ExtraChance": 0.0,
    },

    "SeedPurchasePrice": 40,

}
