{
  "Name": "Adzuki Bean",
  "Description": "Mash it and it becomes a paste.",
  "Category": "Vegetable",
  "Edibility": 22,
  "Price": 90,
  "IsColored": false,
  "Recipe": null,
"GiftTastes":
{
"Love": ["Harvey"],
"Like": ["Alex", "Caroline", "Clint", "Demetrius", "Dwarf", "Elliott", "Emily", "Evelyn", "George", "Gus", "Jodi", "Kent", "Krobus", "Leah", "Linus", "Marnie", "Maru", "Pam", "Penny", "Pierre", "Robin", "Sandy", "Shane", "Willy", "Wizard"],
"Dislike": ["Abigail", "Haley", "Jas", "Sam", "Sebastian", "Vincent"],
"Hate": ["Lewis"]
}
}