{
  "Name": "Steak",
  "Description": "If you're adding anything else, you've done it wrong.",
  "Category": "Cooking",
  "Edibility": 40,
  "EdibleIsDrink": false,
  "EdibleBuffs": null,
  "Price": 350,
  "IsColored": false,
  "GiftTastes": {
	"Love": ["Alex"],
	"Like": ["Abigial", "Caroline", "Clint", "Demetrius", "Dwarf", "Elliott", "Evelyn", "George", "Gus", "Jodi", "Kent", "Krobus", "Lewis", "Linus", "Maru", "Pam", "Penny", "Pierre", "Robin", "Sam", "Sandy", "Shane", "Willy", "Wizard"],
	"Neutral": ["Vincent"],
	"Dislike": ["Emily", "Haley", "Harvey", "Jas", "Leah"],
	"Hate": ["Marnie", "Sebastian"],
  },
  "Recipe": {
    "ResultCount": 1,
    "Ingredients": [
      {
        "Object": "Beef",
        "Count": 1,
      }
    ],
    "CanPurchase": true,
    "PurchaseFrom": "Gus",
    "PurchasePrice": 2350,
    "PurchaseRequirements": null,
  }
}