{
  "Name": "Farofa",
  "Description": "A toasted mix of ground cassava and other veggies.",
  "Category": "Cooking",
  "Edibility": 34,
  "EdibleIsDrink": false,
  "EdibleBuffs": null,
  "Price": 535,
  "IsColored": false,
  "Recipe": {
    "ResultCount": 1,
    "Ingredients": [
      {
        "Object": "Cassava",
        "Count": 2,
      },
      {
        "Object": 248,
        "Count": 1,
      },
      {
        "Object": "Olive",
        "Count": 1,
      },
      {
        "Object": "Onion",
        "Count": 1,
      }
    ],
    "CanPurchase": true,
    "PurchaseFrom": "Gus",
    "PurchasePrice": 2535,
    "PurchaseRequirements": [
      "f Sandy 1250",
"y 2",
    ]
  },
  "GiftTastes": {
	"Like": ["Alex", "Caroline", "Clint", "Demetrius", "Dwarf", "Elliott", "Emily", "Evelyn", "George", "Gus", "Harvey", "Jodi", "Kent", "Krobus", "Leah", "Lewis", "Linus", "Marnie", "Maru", "Pam", "Penny", "Pierre", "Robin", "Sandy", "Sebastian", "Shane", "Willy", "Wizard"],
	"Dislike": ["Abigail", "Haley", "Jas", "Sam", "Vincent"],
  }
}