{
  "Name": "Buckwheat Noodles",
  "Description": "A bag of coarse, earthy-flavored noodles.",
  "Category": "ArtisanGoods",
  "Edibility": 10,
  "Price": 275,
  "IsColored": false,
  "Recipe": null,
  "GiftTastes": {
	"Neutral": ["Abigail", "Alex", "Caroline", "Clint", "Demetrius", "Dwarf", "Elliott", "Emily", "Evelyn", "George", "Gus", "Haley", "Harvey", "Jodi", "Kent", "Leah", "Lewis", "Linus", "Marnie", "Maru", "Pam", "Penny", "Pierre", "Robin", "Sam", "Sandy", "Sebastian", "Shane", "Wizard"],
	"Dislike": ["Jas", "Krobus", "Vincent", "Willy"],
  }
}