{
    "Name": "Chocolate Ice Cream",
    "Description": "Can't go wrong with chocolate ice cream!",
    "Category": "ArtisanGoods",
    "Edibility": 56,
    "Price": 260,
    "IsColored": false,
    "Recipe": null,
    "GiftTastes":
    {
        "Love": ["Vincent", "Jas", "Haley", "Demetrius"],
        "Like": ["Evelyn", "Caroline", "Jodi", "Linus", "Penny", "Sandy", "Clint", "George", "Sebastian", "Abigial", "Alex", "Dwarf", "Elliott", "Gus", "Harvey", "Kent", "Lewis", "Maru", "Pam", "Pierre", "Robin", "Sam", "Shane", "Wizard", "Marnie"],
        "Dislike": ["Emily", "Leah", "Krobus", "Willy"]
    }
}