{
  "Name": "Bell Pepper",
  "Description": "The tamest pepper on the scale. A delicious addition to many meals!",
  "Category": "Vegetable",
  "Edibility": 8,
  "Price": 70,
  "IsColored": false,
    "GiftTastes": {
    "Like": ["Alex", "Caroline", "Clint", "Demetrius", "Dwarf", "Elliott", "Emily", "Evelyn", "George", "Gus", "Harvey", "Jodi", "Kent", "Krobus", "Leah", "Lewis", "Linus", "Marnie", "Maru", "Pam", "Penny", "Pierre", "Robin", "Sandy", "Sebastian", "Shane", "Willy", "Wizard"],
	"Dislike": ["Abigail", "Haley", "Jas", "Sam", "Vincent"],
  },
  "Recipe": null,
}