{
    "Name": "Passion Fruit",
    "Product": "Passion Fruit",
    "SeedName": "Passion Fruit Seeds",
    "SeedDescription": "Plant these in spring. Takes 12 days to mature, but keeps producing after that. Grows on a trellis.",
    "Type": "Fruit",

    "Seasons": ["spring"],
    "Phases": [ 1, 2, 3, 4, 2, ],
    "RegrowthPhase": 5,
    "HarvestWithScythe": false,
    "TrellisCrop": true,
    "Colors": null,
    "Bonus": {
        "MinimumPerHarvest": 1,
        "MaximumPerHarvest": 3,
        "MaxIncreasePerFarmLevel": 5,
        "ExtraChance": 0.1,
    },

    "SeedPurchasePrice": 130,

}
