{
  "Name": "Banana Pudding",
  "Description": "Add cookies for a tasty treat.",
  "Category": "Cooking",
  "Edibility": 52,
  "EdibleIsDrink": false,
  "EdibleBuffs": null,
  "Price": 430,
  "IsColored": false,
  "Recipe": {
    "ResultCount": 1,
    "Ingredients": [
      {
        "Object": "Banana",
        "Count": 1,
      },
      {
        "Object": -6,
        "Count": 1,
      }
    ],
    "CanPurchase": true,
    "PurchaseFrom": "Gus",
    "PurchasePrice": 2430,
    "PurchaseRequirements": [
      "f George 1250",
    ]
  },
  "GiftTastes": {
	"Love": ["Jas", "Marnie"],
	"Like": ["Abigail", "Alex", "Caroline", "Clint", "Demetrius", "Dwarf", "Elliott", "Evelyn", "George", "Gus", "Haley", "Harvey", "Lewis", "Linus", "Maru", "Pam", "Penny", "Pierre", "Robin", "Sam", "Sandy", "Sebastian", "Shane", "Vincent", "Wizard"],
	"Neutral": ["Jodi", "Kent"],
	"Dislike": ["Emily", "Krobus", "Leah", "Willy"],
  }
}