{
  "Name": "Salsa",
  "Description": "It has a nice kick to it.",
  "Category": "Cooking",
  "Edibility": 44,
  "EdibleIsDrink": false,
  "EdibleBuffs": null,
  "Price": 100,
  "IsColored": false,
  "GiftTastes": {
	"Love": ["Lewis", "Shane",],
    "Like": ["Alex", "Caroline", "Clint", "Demetrius", "Dwarf", "Elliott", "Emily", "Evelyn", "George", "Gus", "Harvey", "Jodi", "Kent", "Krobus", "Leah", "Linus", "Marnie", "Maru", "Pam", "Penny", "Pierre", "Robin", "Sandy", "Sebastian", "Vincent", "Wizard"],
	"Dislike": ["Abigail",  "Haley", "Jas", "Sam", "Willy"],
  },
  "Recipe": {
    "ResultCount": 1,
    "Ingredients": [
      {
        "Object": 260,
        "Count": 2,
      },
{
        "Object": 256,
        "Count": 1,
      },
{
        "Object": 270,
        "Count": 1,
      }
    ],
    "CanPurchase": true,
    "PurchaseFrom": "Gus",
    "PurchasePrice": 200,
    "PurchaseRequirements": [
      "z winter"]
  }
}