{
  "Name": "Jasmine Tea",
  "Description": "An exotic tea made with jasmine petals.",
  "Category": "Cooking",
  "Edibility": 24,
  "EdibleIsDrink": true,
 "EdibleBuffs": null,
  "Price": 425,
  "IsColored": false,
  "Recipe": {
    "ResultCount": 1,
    "Ingredients": [
      {
        "Object": "Tea Leaf",
        "Count": 2,
      },
{
        "Object": "Sweet Jasmine",
        "Count": 1,
      }
    ],
    "CanPurchase": true,
    "PurchaseFrom": "Gus",
    "PurchasePrice": 1425,
    "PurchaseRequirements": null,
  },
  "GiftTastes": {
	"Love": ["Elliott", "Jas"],
	"Like": ["Abigail", "Alex", "Caroline", "Clint", "Demetrius", "Dwarf", "Emily", "Evelyn", "Gus", "Haley", "Harvey", "Jodi", "Kent", "Leah", "Linus", "Marnie", "Maru", "Pam", "Penny", "Robin", "Sam", "Sandy", "Sebastian", "Shane", "Willy", "Wizard"],
	"Neutral": ["Krobus", "Pierre"],
	"Dislike": ["George", "Lewis", "Vincent"],
  }
}