{
  "Name": "Broccoli and Cheese",
  "Description": "Steamed broccoli covered in gooey cheese.",
  "Category": "Cooking",
  "Edibility": 70,
  "EdibleIsDrink": false,
  "EdibleBuffs": null,
  "Price": 420,
  "IsColored": false,
  "Recipe": {
    "ResultCount": 1,
    "Ingredients": [
      {
        "Object": "Broccoli",
        "Count": 2,
      },
      {
        "Object": 424,
        "Count": 1,
      }
    ],
    "CanPurchase": true,
    "PurchaseFrom": "Pierre",
    "PurchasePrice": 2420,
    "PurchaseRequirements": [
      "f Pierre 1750",
      "w rainy",
"y 2",
      
    ]
  },
  "GiftTastes": {
	"Love": ["Maru"],
	"Like": ["Abigail", "Alex", "Caroline", "Clint", "Demetrius", "Elliott", "Emily", "Evelyn", "George", "Gus", "Haley", "Harvey", "Jodi", "Kent", "Leah", "Linus", "Marnie", "Pam", "Penny", "Pierre", "Robin", "Sandy", "Shane", "Wizard"],
	"Neutral": ["Dwarf", "Lewis"],
	"Dislike": ["Jas", "Krobus", "Sam", "Sebastian", "Vincent", "Willy"],
  }
}