{
  "Name": "Mild Curry",
  "Description": "A savory, slightly sweet curry with chicken mixed in.",
  "Category": "Cooking",
  "Edibility": 76,
  "EdibleIsDrink": false,
  "EdibleBuffs": null,
  "Price": 400,
  "IsColored": false,
  "GiftTastes": {
    "Like": ["Alex", "Caroline", "Clint", "Demetrius", "Dwarf", "Elliott", "Evelyn", "George", "Gus", "Harvey", "Jodi", "Kent", "Krobus", "Lewis", "Linus", "Maru", "Pam", "Penny", "Pierre", "Robin", "Sandy", "Willy", "Wizard"],
	"Neutral": ["Emily", "Haley", "Jas", "Leah", "Marnie", "Sam", "Shane"],
	"Dislike": ["Abigail", "Vincent"],
	"Hate": ["Sebastian"],
  },
  "Recipe": {
    "ResultCount": 1,
    "Ingredients": [
      {
        "Object": "Curry Powder",
        "Count": 1,
      },
      {
        "Object": "Chicken",
        "Count": 1,
      },
{
        "Object": "Onion",
        "Count": 1,
      },
{
        "Object": 613,
        "Count": 1,
      },
{
        "Object": 192,
        "Count": 1,
      }
    ],
    "CanPurchase": true,
    "PurchaseFrom": "Gus",
    "PurchasePrice": 900,
    "PurchaseRequirements": ["y 2",
],
  }
}