{
  "Name": "Unpolished Rice",
  "Description": "Put it in the grinder to prepare it for cooking or selling.",
  "Category": "Vegetable",
  "Edibility": -300,
  "Price": 20,
  "IsColored": false,
  "GiftTastes": {
    "Neutral": ["Alex", "Caroline", "Clint", "Demetrius", "Dwarf", "Elliott", "Emily", "Evelyn", "George", "Gus",  "Harvey", "Jodi", "Kent", "Krobus", "Leah", "Lewis", "Linus", "Marnie", "Maru", "Pam", "Penny", "Pierre", "Robin", "Sandy", "Sebastian", "Shane", "Willy", "Wizard"],
	"Dislike": ["Abigail", "Haley", "Jas", "Sam", "Vincent"],
  },
  "Recipe": null,
}