{
  "Name": "Avocado Eel Roll",
  "Description": "Eel wrapped in seaweed and rice, topped with avocado.",
  "Category": "Cooking",
  "Edibility": 48,
  "EdibleIsDrink": false,
  "EdibleBuffs": null,
  "Price": 555,
  "IsColored": false,
  "Recipe": {
    "ResultCount": 1,
    "Ingredients": [
      {
        "Object": "Avocado",
        "Count": 1,
      },
      {
        "Object": 148,
        "Count": 1,
      },
      {
        "Object": 423,
        "Count": 1,
      },
      {
        "Object": 152,
        "Count": 1,
      }
    ],
    "CanPurchase": true,
    "PurchaseFrom": "Gus",
    "PurchasePrice": 2555,
    "PurchaseRequirements": ["y 2",
],
  },
"GiftTastes": {
	"Love": ["Abigail", "Haley", "Maru", "Sebastian"],
	"Like": ["Alex", "Caroline", "Clint", "Demetrius", "Dwarf", "Elliott", "George", "Gus", "Harvey", "Jas", "Jodi", "Kent", "Leah", "Lewis", "Linus", "Marnie", "Pam", "Penny", "Pierre", "Robin", "Sam", "Sandy", "Shane", "Vincent", "Wizard"],
	"Neutral": ["Emily", "Krobus", "Willy"],
	"Hate": ["Evelyn"],
  }  
}