{
  "Name": "Ketchup",
  "Description": "A paste of tomatoes sweetened with sugar.",
  "Category": "Cooking",
  "Edibility": -300,
  "EdibleIsDrink": false,
  "EdibleBuffs": null,
  "Price": 50,
  "IsColored": false,
  "GiftTastes": {
    "Like": ["Abigail", "Alex", "Caroline", "Clint", "Demetrius", "Dwarf", "Elliott", "Emily", "Evelyn", "George", "Gus", "Haley", "Harvey", "Jas", "Jodi", "Kent", "Leah", "Lewis", "Linus", "Marnie", "Maru", "Pam", "Penny", "Pierre", "Robin", "Sam", "Sandy", "Sebastian", "Shane", "Vincent", "Wizard"],
	"Neutral": ["Krobus", "Willy"],
  },
  "Recipe": {
    "ResultCount": 1,
    "Ingredients": [
      {
        "Object": 256,
        "Count": 1,
      },
      {
        "Object": 245,
        "Count": 1,
      },
{
        "Object": 419,
        "Count": 1,
      }
    ],
    "CanPurchase": true,
    "PurchaseFrom": "Gus",
    "PurchasePrice": 100,
    "PurchaseRequirements": null,
  }
}