{
	"Format": "1.0",
	"Changes": [
		{
			"Action": "EditData",
			"Target": "Data/PossibleBirthdayGifts",
			"Entries": {
				"Universal_Love_Gift": "221 1 204 1 730 1 220 1 229 1 727 1",
				"Universal_Like_Gift": "220 1 229 1 727 1 216 1 194 1",
				"Universal_Neutral_Gift": "216 1 194 1",
				"Abigail": " Best/608 1/Good/611 1/Neutral// ",
				"Alex": " Best/201 1/Good/195 1/Neutral// ",
				"Caroline": " Best/200 1/Good/199 1/Neutral// ",
				"Clint": " Best/207 1/Good/456 1/Neutral// ",
				"Demetrius": " Best/235 1/Good/205 1/Neutral// ",
				"Dwarf": " Best/243 1/Good/243 1/Neutral// ",
				"Elliott": " Best/732 1/Good/208 1/Neutral// ",
				"Emily": " Best/230 1/Good/196 1/Neutral// ",
				"Evelyn": " Best/232 1/Good/223 1/Neutral// ",
				"George": " Best/226 1/Good/225 1/Neutral// ",
				"Gus": " Best/238 1/Good/212 1/Neutral// ",
				"Haley": " Best/610 1/Good/609 1/Neutral// ",
				"Harvey": " Best/210 1/Good/648 1/Neutral// ",
				"Jas": " Best/241 1/Good/604 1/Neutral// ",
				"Jodi": " Best/233 1/Good/202 1/Neutral// ",
				"Kent": " Best/237 1/Good/214 1/Neutral// ",
				"Krobus": " Best/305 1/Good/308 1/Neutral// ",
				"Leah": " Best/244 1/Good/606 1/Neutral// ",
				"Lewis": " Best/231 1/Good/224 1/Neutral// ",
				"Linus": " Best/213 1/Good/227 1/Neutral// ",
				"Marnie": " Best/222 1/Good/457 1/Neutral// ",
				"Maru": " Best/211 1/Good/605 1/Neutral// ",
				"Pam": " Best/239 1/Good/197 1/Neutral// ",
				"Penny": " Best/651 1/Good/209 1/Neutral// ",
				"Pierre": " Best/240 1/Good/234 1/Neutral// ",
				"Robin": " Best/236 1/Good/618 1/Neutral// ",
				"Sam": " Best/219 1/Good/206 1/Neutral// ",
				"Sandy": " Best/218 1/Good/198 1/Neutral// ",
				"Sebastian": " Best/242 1/Good/228 1/Neutral// ",
				"Shane": " Best/215 1/Good/203 1/Neutral// ",
				"Vincent": " Best/731 1/Good/612 1/Neutral// ",
				"Willy": " Best/728 1/Good/729 1/Neutral// ",
				"Wizard": " Best/649 1 681 1 688 1/Good/607 1 690 1 689 1/Neutral// "
			}
		}
	]
}