{
  "Name": "Bangers Beans and Mash",
  "Description": "Mashed potatoes, beans, and sausage.",
  "Category": "Cooking",
  "Edibility": 209,
  "EdibleIsDrink": false,
  "EdibleBuffs": null,
  "Price": 450,
  "IsColored": false,
  "GiftTastes": {
    "Like": ["Alex", "Caroline", "Clint", "Demetrius", "Dwarf", "Elliott", "Evelyn", "George", "Gus", "Jodi", "Kent", "Krobus", "Lewis", "Linus", "Maru", "Pam", "Penny", "Pierre", "Robin", "Sandy", "Shane", "Willy", "Wizard"],
	"Neutral": ["Harvey", "Sam"],
	"Dislike": ["Abigail", "Emily", "Haley", "Jas", "Leah", "Vincent"],
	"Hate": ["Marnie", "Sebastian"],
  },
  "Recipe": {
    "ResultCount": 1,
    "Ingredients": [
      {
        "Object": "Beef",
        "Count": 1,
      },
      {
        "Object": 192,
        "Count": 1,
      },
{
        "Object": 424,
        "Count": 1,
      },
{
        "Object": "Brown Gravy",
        "Count": 1,
      },
{
        "Object": "Navy Bean",
        "Count": 1,
      }
    ],
    "CanPurchase": true,
    "PurchaseFrom": "Gus",
    "PurchasePrice": 800,
    "PurchaseRequirements": ["y 2",
],
  }
}