{
    "Name": "Muskmelon",
    "Product": "Muskmelon",
    "SeedName": "Muskmelon Seeds",
    "SeedDescription": "Plant these in spring. Takes 8 days to mature.",
    "Type": "Fruit",

    "Seasons": ["spring"],
    "Phases": [ 2, 2, 2, 2 ],
    "RegrowthPhase": -1,
    "HarvestWithScythe": false,
    "TrellisCrop": false,
    "Colors": null,
    "Bonus": {
        "MinimumPerHarvest": 1,
        "MaximumPerHarvest": 1,
        "MaxIncreasePerFarmLevel": 5,
        "ExtraChance": 0.0,
    },
    "SeedPurchasePrice": 80,
"SeedPurchaseRequirements": [
"y 2",
],
}