{
  "Name": "Sprinkles",
  "Description": "Sprinkles add a bit of color to anything!",
  "Category": "Cooking",
  "Edibility": 16,
  "EdibleIsDrink": false,
  "EdibleBuffs": null,
  "Price": 50,
  "IsColored": false,
  "GiftTastes": {
    "Neutral": ["Abigail", "Alex", "Caroline", "Clint", "Demetrius", "Dwarf", "Elliott", "Emily", "Evelyn", "George", "Gus", "Haley", "Harvey", "Jas", "Jodi", "Kent", "Leah", "Lewis", "Linus", "Marnie", "Maru", "Pam", "Penny", "Pierre", "Robin", "Sam", "Sandy", "Sebastian", "Shane", "Vincent", "Wizard"],
	"Dislike": ["Krobus", "Willy"],
  },
  "Recipe": {
    "ResultCount": 5,
    "Ingredients": [
      {
        "Object": 245,
        "Count": 1,
      },
],
    "IsDefault": true,
},
}