{
  "Name": "Cotton Boll",
  "Description": "Fluffy and white, it can be used to make thread.",
  "Category": "Vegetable",
  "Edibility": -300,
  "Price": 65,
  "IsColored": false,
  "GiftTastes": {
    "Neutral": ["Abigail", "Alex", "Caroline", "Clint", "Demetrius", "Dwarf", "Elliott", "Emily", "Evelyn", "George", "Gus", "Haley", "Harvey", "Jodi", "Kent", "Krobus", "Leah", "Lewis", "Linus", "Marnie", "Maru", "Pam", "Penny", "Pierre", "Robin", "Sam", "Sandy", "Sebastian", "Shane", "Willy", "Wizard"],
	"Dislike": ["Jas", "Vincent"],
  },
  "Recipe": null,
}