{
  "Name": "Dinosaur Mayonnaise",
  "Description": "Mayonnaise made from an ancient dinosaur egg.",
  "Category": "ArtisanGoods",
  "Edibility": 23,
  "EdibleIsDrink": false,
  "Price": 1085,
  "IsColored": false,
  "Recipe": null,
  "GiftTastes": {
	"Like": ["Abigail", "Alex", "Clint", "Demetrius", "Dwarf", "Elliott", "Emily", "Evelyn", "George", "Gus", "Haley", "Harvey", "Jodi", "Kent", "Krobus", "Leah", "Lewis", "Linus", "Marnie", "Maru", "Pam", "Penny", "Pierre", "Robin", "Sandy", "Shane", "Willy", "Wizard"],
	"Dislike": ["Caroline"],
	"Hate": ["Jas", "Sam", "Sebastian", "Vincent", ],
  }
}