{
  "Name": "Peanut Oil",
  "Description": "A nutty oil used in cooking or frying.",
  "Category": "ArtisanGoods",
  "Edibility": -300,
  "Price": 120,
  "IsColored": false,
  "Recipe": null,
  "GiftTastes": {
	"Neutral": ["Gus"],
	"Dislike": ["Abigail", "Alex", "Caroline", "Clint", "Demetrius", "Dwarf", "Elliott", "Emily", "Evelyn", "George", "Haley", "Harvey", "Jas", "Jodi", "Kent", "Krobus", "Leah", "Lewis", "Linus", "Marnie", "Maru", "Pam", "Penny", "Pierre", "Robin", "Sam", "Sandy", "Sebastian", "Shane", "Vincent", "Willy", "Wizard"],
  }
}