{
  "Name": "Pineapple",
  "Description": "Sweet and sugary. It is versatile and can be used in desserts, salads, and drinks!",
  "Category": "Fruit",
  "Edibility": 18,
  "Price": 245,
  "IsColored": false,
  "GiftTastes": {
	"Love": ["Haley"],
    "Like": ["Alex", "Caroline", "Clint", "Demetrius", "Elliott", "Emily", "Evelyn", "George", "Gus", "Harvey", "Jas", "Jodi", "Kent", "Krobus", "Leah", "Lewis", "Linus", "Marnie", "Maru", "Pam", "Penny", "Pierre", "Robin", "Sam", "Sandy", "Sebastian", "Shane", "Vincent", "Willy", "Wizard"],
	"Dislike": ["Abigail", "Dwarf"],
  },
  "Recipe": null,
}