{
  "Name": "Muskmelon",
  "Description": "It tastes better with a pinch of salt.",
  "Category": "Fruit",
  "Edibility": 20,
  "Price": 180,
  "IsColored": false,
  "GiftTastes": {
    "Like": ["Demetrius", "Dwarf", "Elliott", "Harvey", "Jodi", "Kent",  "Leah", "Linus", "Pam", "Penny", "Robin", "Sandy", "Shane"],
	"Neutral": ["Alex", "Caroline", "Clint", "Emily", "Evelyn", "George", "Gus", "Krobus", "Lewis", "Marnie", "Maru", "Pierre", "Sam", "Sebastian", "Willy", "Wizard"],
	"Dislike": ["Abigail", "Haley", "Jas", "Vincent"],
  },
  "Recipe": null,
}