{
  "Name": "Strawberry Tart",
  "Description": "A strawberry filled tart.",
  "Category": "Cooking",
  "Edibility": 44,
  "EdibleIsDrink": false,
  "EdibleBuffs": null,
  "Price": 370,
  "IsColored": false,
  "GiftTastes": {
    "Like": ["Alex", "Caroline", "Clint", "Demetrius", "Dwarf", "Elliott", "Emily", "Evelyn", "George", "Gus", "Harvey", "Jodi", "Kent", "Leah", "Lewis", "Linus", "Marnie", "Maru", "Pam", "Penny", "Pierre", "Robin", "Sam", "Sandy", "Sebastian", "Shane", "Wizard"],
	"Neutral": ["Abigail", "Haley", "Jas", "Krobus", "Vincent", "Willy"],
  },
  "Recipe": {
    "ResultCount": 1,
    "Ingredients": [
      {
        "Object": -5,
        "Count": 1,
      },
{
        "Object": 400,
        "Count": 1,
      },
{
        "Object": 246,
        "Count": 1,
      }
    ],
    "CanPurchase": true,
    "PurchaseFrom": "Gus",
    "PurchasePrice": 2370,
    "PurchaseRequirements": [
"z spring fall winter",
],
  }
}