{
    "Name": "Lettuce",
    "Product": "Lettuce",
    "SeedName": "Lettuce Seeds",
    "SeedDescription": "Plant these in summer. Takes 6 days to mature.",
    "Type": "Vegetable",

    "Seasons": ["summer"],
    "Phases": [ 1, 1, 1, 2, 1 ],
    "RegrowthPhase": -1,
    "HarvestWithScythe": false,
    "TrellisCrop": false,
    "Colors": null,
    "Bonus": {
        "MinimumPerHarvest": 1,
        "MaximumPerHarvest": 1,
        "MaxIncreasePerFarmLevel": 5,
        "ExtraChance": 0.0,
    },

    "SeedPurchasePrice": 55,

}
