{
    "Fruits": ["Asian Pear", "Banana", "Dragon Fruit", "Durian", "Elderberry", "Fig", "Gooseberry", "Grapefruit", "Juniper", "Kiwi", "Lemon", "Lime", "Mango", "Muskmelon", "Papaya", "Passion Fruit", "Pear", "Persimmon", "Pineapple", "Pomelo", "Raspberry", "Sweet Canary Melon", "Watermelon"],
    "Vegetables": ["Adzuki Bean", "Almond", "Aloe", "Avocado", "Barley", "Basil", "Bell Pepper", "Broccoli", "Cabbage", "Camphor Leaves", "Carrot", "Cashew", "Cassava", "Celery", "Chives", "Cinnamon Sticks", "Cocoa Pod", "Cotton Boll", "Cucumber", "Eucalyptus Leaves", "Fennel", "Ginger", "Green Peas", "Lettuce", "Melaleuca Leaves", "Mint", "Navy Beans", "Olive", "Onion", "Oregano", "Parsley", "Peanut", "Pecan", "Rosemary", "Sage", "Soybean", "Spinach", "Sugar Beet", "Sugar Cane", "Sweet Potato", "Tea Leaf", "Thyme", "Unpolished Rice", "Walnut", "Wasabi Root"],
    "Flowers": null,
    "Honey": null,
    "Jelly": "assets/jelly.png",
    "Juice": "assets/juice.png",
    "Pickles": "assets/pickles.png",
    "Wine": "assets/wine.png"
}