{
    "Name": "Cabbage",
    "Product": "Cabbage",
    "SeedName": "Cabbage Seeds",
    "SeedDescription": "Plant these in spring or fall. Takes 7 days to mature.",
    "Type": "Vegetable",

    "Seasons": ["spring", "fall" ],
    "Phases": [ 1, 2, 2, 1, 1 ],
    "RegrowthPhase": -1,
    "HarvestWithScythe": false,
    "TrellisCrop": false,
    "Colors": null,
    "Bonus": {
        "MinimumPerHarvest": 1,
        "MaximumPerHarvest": 1,
        "MaxIncreasePerFarmLevel": 5,
        "ExtraChance": 0.0,
    },
    "SeedPurchasePrice": 80,
"SeedPurchaseRequirements": null,
}