{
  "Name": "Soybean",
  "Description": "Nutty in flavor. Its oil can be used in a plethora of products.",
  "Category": "Vegetable",
  "Edibility": 8,
  "Price": 80,
  "IsColored": false,
  "GiftTastes": {
    "Like": ["Alex", "Caroline", "Clint", "Demetrius", "Dwarf", "Elliott", "Emily", "Evelyn", "George", "Gus", "Harvey",  "Jodi", "Kent", "Krobus", "Leah", "Lewis", "Linus", "Marnie", "Maru", "Pam", "Penny", "Pierre", "Robin", "Sam", "Sandy", "Sebastian", "Shane", "Willy", "Wizard"],
	"Dislike": ["Abigail", "Haley", "Jas", "Vincent"],
  },
  "Recipe": null,
}