{
    "Name": "Cucumber",
    "Product": "Cucumber",
    "SeedName": "Cucumber Starter",
    "SeedDescription": "Plant these in summer. Takes 11 days to mature, but keeps producing after that. Grows on a trellis.",
    "Type": "Vegetable",

    "Seasons": ["summer"],
    "Phases": [ 1, 2, 3, 3, 2,  ],
    "RegrowthPhase": 3,
    "HarvestWithScythe": false,
    "TrellisCrop": true,
    "Colors": null,
    "Bonus": {
        "MinimumPerHarvest": 1,
        "MaximumPerHarvest": 3,
        "MaxIncreasePerFarmLevel": 5,
        "ExtraChance": 0.2,
    },

    "SeedPurchasePrice": 65,
"SeedPurchaseRequirements": [
"y 2",
],

}
