{
  "Name": "Chocolate Strawberry Cake",
  "Description": "Yummy!",
  "Category": "Cooking",
  "Edibility": 72,
  "EdibleIsDrink": false,
  "EdibleBuffs": null,
  "Price": 745,
  "IsColored": false,
  "GiftTastes": {
    "Like": ["Alex", "Caroline", "Clint", "Demetrius", "Dwarf", "Elliott", "Emily", "Evelyn", "George", "Gus", "Harvey", "Jodi", "Kent", "Leah", "Lewis", "Linus", "Marnie", "Maru", "Pam", "Penny", "Pierre", "Robin", "Sam", "Sandy", "Sebastian", "Shane", "Wizard"],
	"Neutral": ["Abigail", "Haley", "Jas", "Vincent"],
	"Dislike": ["Krobus", "Willy"],
	},
  "Recipe": {
    "ResultCount": 1,
    "Ingredients": [
      {
        "Object": "Chocolate",
        "Count": 1,
      },
      {
        "Object": 245,
        "Count": 1,
      },
	  {
        "Object": 400,
        "Count": 1,
      }
    ],
    "CanPurchase": true,
    "PurchaseFrom": "Gus",
    "PurchasePrice": 2745,
    "PurchaseRequirements": ["y 2",
"f Jas 1750",
],
  }
}